SMILES,logIE,correction
OC(=O)c1ccccc1,0.029346406,0.733214487
OC(=O)c1cc(cc(c1)[N+]([O-])=O)[N+]([O-])=O,1.2297935,0.023973374
OC(=O)c1cccc(c1)C(F)(F)F,1.2853634,0.061778514
Oc1c(F)c(F)c(F)c(F)c1F,1.3626528,0.120869175
CC(C)(C)c1ccc(cc1)C(O)=O,0.7766245,0.428952573
Oc1c(F)c(F)c(c(F)c1F)c2c(F)c(F)c(F)c(F)c2F,1.9805279,0.263744283
Oc1c(c(c(c(c1C(F)(F)F)C(F)(F)F)C(F)(F)F)C(F)(F)F)C(F)(F)F,2.8481345,0.095436353
Oc1ccc(cc1)c2ccccc2,0.30290288,0.511446972
Oc1ccccc1c2ccccc2,0.30290288,0.326882495
OC(=O)c1cccc(Cl)c1,0.7718861,0.002449494
Nc1ccc(cc1)C(O)=O,-0.028195858,1.352448225
OC(=O)c1ccc(O)cc1,0.12822652,0.653441842
Nc1cccc(c1)C(O)=O,-0.028642982,1.136395154
OC(=O)c1c(F)c(F)c(F)c(F)c1F,1.1994562,0.262585489
Oc1ccc(cc1[N+]([O-])=O)[N+]([O-])=O,1.2537272,0.044772665
CN(C)c1cccc(c1)C(O)=O,0.66584456,0.365862324
CC(C)c1ccc(cc1)C(O)=O,0.50501096,0.246252295
CC(C)(C)c1ccccc1O,-0.08370402,-0.069955366
Oc1cc(ccc1[N+]([O-])=O)[N+]([O-])=O,1.253485,0.135527611
Oc1cccc(Cl)c1,0.044320032,0.8768888
CC(C)c1ccccc1O,-0.13685203,-0.194988082
Oc1cccc(Br)c1,0.804139,0.005173773
Oc1c(cccc1[N+]([O-])=O)[N+]([O-])=O,1.2547028,0.169070989
Oc1ccccc1[N+]([O-])=O,0.8356739,-3.258578184
Oc1cccc(c1)[N+]([O-])=O,0.83605486,0.172222909
Oc1ccc(cc1)[N+]([O-])=O,0.8362831,0.43494386
Oc1c(F)c(F)cc(F)c1F,0.9157724,0.461310366
OC(C1=CC=CC(S(=O)(C(F)(C(F)(C(F)(F)F)F)F)=O)=C1)=O,2.2429385,0.193187583
OC(C1=CC=CC(S(=O)(C(C(F)(F)F)(C(F)(F)F)C(F)(F)F)=O)=C1)=O,2.327107,0.115168459
OC(C1=CC=CC(SC(F)(C(F)(C(F)(F)F)F)F)=C1)=O,1.7071137,0.322573912
OC(=O)c1cccc(c1)[S](=O)(=O)C(F)(F)F,1.7378922,0.152247731
FC(F)(F)C(c1cccc(c1)C(=O)O)(C(F)(F)F)C(F)(F)F,2.0745444,0.245620207
OC(C1=CC=CC(SC(F)(F)F)=C1)=O,1.1507001,0.195314621
Oc1c(Cl)c(Cl)c(Cl)c(Cl)c1Cl,2.1603487,0.162655561
O=S(C1=C(O)C(S(=O)(OCC(F)(F)F)=O)=CC(S(=O)(OCC(F)(F)F)=O)=C1)(OCC(F)(F)F)=O,3.4004579,0.160380776
OC(=O)c1ccccc1O,0.62767875,0.128223956
Oc1ccccc1C#N,0.74895513,0.014532723
Oc1ccccc1N=Nc2cc(ccc2O)c3ccccc3,1.1091964,0.126616989
OC(=O)c1cc(I)cc(I)c1O,1.862715,0.129572427
Oc1c(cc(c(O)c1[N+]([O-])=O)[N+]([O-])=O)[N+]([O-])=O,1.9693215,0.112611011
OC(=O)c1cc(cc(c1O)[N+]([O-])=O)[N+]([O-])=O,1.6425977,0.016408578
OC(=O)c1ccc(cc1[N+]([O-])=O)[N+]([O-])=O,1.2295222,19.49203714
Oc1ccc(Cl)cc1,0.028742984,0.889450062
O=S(C1=C(O)C(S(=O)(OCC(F)(C(F)F)F)=O)=CC(S(=O)(OCC(F)(C(F)F)F)=O)=C1)(OCC(F)(C(F)F)F)=O,3.6756527,0.189531632
FC1=C(O)C(F)=C(F)C2=C(F)C(F)=C(F)C(F)=C21,1.6431351,0.039102298
O[S](=O)(=O)c1ccc(cc1[N+]([O-])=O)[N+]([O-])=O,1.6259217,0.113645018
O=S(C1=CC=CC2=CC=CC=C21)(O)=O,1.3893425,0.048395516
O[S](=O)(=O)c1ccc2C(=O)c3ccccc3C(=O)c2c1,2.0300791,0.030497018
N[S](=O)(=O)c1cccc(c1)[N+]([O-])=O,1.1806889,0.009135776
O=S(O)(C(C(C(C(C(C(C(C(F)(F)F)(F)F)(F)F)(F)F)(F)F)(F)F)(F)F)(F)F)=O,2.8235457,0.102947537
OC(C(F)(F)F)(C(F)(F)F)C(F)(F)F,1.4794934,0.000342311
CCCCCCCCCCCCCC(O)=O,1.7430995,0.047486639
FC1=C(S(NS(C2=C(F)C(F)=C(F)C(F)=C2F)(=O)=O)(=O)=O)C(F)=C(F)C(F)=C1F,2.2231603,0.134265442
O=S(NS(C1=CC=C([N+]([O-])=O)C=C1)(=O)=O)(C2=CC=C(C)C=C2)=O,2.4608672,0.065310462
C/C=C/C=C/C(O)=O,-0.3050828,-0.445304004
ON1C(=O)c2ccccc2C1=O,0.04181646,-1.06241263
NCCCC(O)=O,-1.5649745,-0.003200926
NCCC(O)=O,-2.4134386,-0.040275241
OC(=O)c1ccccc1,0.029346406,0.580765622
OC(=O)c1cc(cc(c1)[N+]([O-])=O)[N+]([O-])=O,1.2297935,0.983537982
OC(=O)c1cccc(c1)C(F)(F)F,1.2853634,0.061778514
Oc1c(F)c(F)c(F)c(F)c1F,1.3626528,0.03357959
CC(C)(C)c1ccc(cc1)C(O)=O,0.77662456,0.46806537
Oc1c(F)c(F)c(c(F)c1F)c2c(F)c(F)c(F)c(F)c2F,1.9805279,0.255440647
Oc1c(c(c(c(c1C(F)(F)F)C(F)(F)F)C(F)(F)F)C(F)(F)F)C(F)(F)F,2.8481345,0.069237086
Oc1ccc(cc1)c2ccccc2,0.30290288,0.681154866
Oc1ccccc1c2ccccc2,0.30290288,0.519201782
OC(=O)c1cccc(Cl)c1,0.7718861,0.091898694
Nc1ccc(cc1)C(O)=O,-0.028195858,1.70489645
OC(=O)c1ccc(O)cc1,0.12822652,0.442493397
Nc1cccc(c1)C(O)=O,-0.028642982,1.168488131
OC(=O)c1c(F)c(F)c(F)c(F)c1F,1.1994562,0.062924832
Oc1ccc(cc1[N+]([O-])=O)[N+]([O-])=O,1.2537272,0.147124355
CN(C)c1cccc(c1)C(O)=O,0.66584456,0.410757027
CC(C)c1ccc(cc1)C(O)=O,0.50501096,0.18546619
CC(C)(C)c1ccccc1O,-0.08370402,3.790133903
CC(C)(C)c1cc(c(O)c(c1)C(C)(C)C)C(C)(C)C,0.34949246,0.521243205
Oc1cc(ccc1[N+]([O-])=O)[N+]([O-])=O,1.253485,0.085047471
Oc1cccc(Cl)c1,0.044320032,0.835851733
CC(C)c1ccccc1O,-0.13685203,-0.710650325
Oc1cccc(Br)c1,0.804139,0.116859747
Oc1ccccc1Br,-0.54626447,-0.442587276
Oc1c(cccc1[N+]([O-])=O)[N+]([O-])=O,1.2547028,0.090795068
Oc1ccccc1[N+]([O-])=O,0.8356739,-2.177005533
Oc1cccc(c1)[N+]([O-])=O,0.83605486,0.218640316
Oc1ccc(cc1)[N+]([O-])=O,0.8362831,0.239742648
Oc1c(F)c(F)cc(F)c1F,0.9157724,0.381234879
OC(C1=CC=CC(S(=O)(C(F)(C(F)(C(F)(F)F)F)F)=O)=C1)=O,2.2429385,0.065442284
OC(C1=CC=CC(S(=O)(C(C(F)(F)F)(C(F)(F)F)C(F)(F)F)=O)=C1)=O,2.327107,0.022223969
OC(C1=CC=CC(SC(F)(C(F)(C(F)(F)F)F)F)=C1)=O,1.7071137,0.15905727
OC(=O)c1cccc(c1)[S](=O)(=O)C(F)(F)F,1.7378919,0.039838722
FC(F)(F)C(c1cccc(c1)C(=O)O)(C(F)(F)F)C(F)(F)F,2.0745444,0.153247172
OC(C1=CC=CC(SC(F)(F)F)=C1)=O,1.1507001,0.027410797
Oc1c(Cl)c(Cl)c(Cl)c(Cl)c1Cl,2.1603487,0.080702701
O=S(C1=C(O)C(S(=O)(OCC(F)(F)F)=O)=CC(S(=O)(OCC(F)(F)F)=O)=C1)(OCC(F)(F)F)=O,3.4004576,0.145613663
OC(=O)c1ccccc1O,0.6276788,0.019251857
Oc1ccccc1C#N,0.74895513,0.097644421
Oc1ccccc1N=Nc2cc(ccc2O)c3ccccc3,1.1091964,0.331809383
OC(=O)c1cc(I)cc(I)c1O,1.862715,0.183019734
Oc1c(cc(c(O)c1[N+]([O-])=O)[N+]([O-])=O)[N+]([O-])=O,1.9693215,0.064498102
OC(=O)c1cc(cc(c1O)[N+]([O-])=O)[N+]([O-])=O,1.6425977,0.066705866
OC(=O)c1ccc(cc1[N+]([O-])=O)[N+]([O-])=O,1.2295222,2.073805571
Oc1ccc(Cl)cc1,0.028742984,0.937515252
O=S(C1=C(O)C(S(=O)(OCC(F)(C(F)F)F)=O)=CC(S(=O)(OCC(F)(C(F)F)F)=O)=C1)(OCC(F)(C(F)F)F)=O,3.6756527,0.042798765
FC1=C(O)C(F)=C(F)C2=C(F)C(F)=C(F)C(F)=C21,1.6431351,0.135192068
O[S](=O)(=O)c1ccc(cc1[N+]([O-])=O)[N+]([O-])=O,1.6259217,0.130523141
O=S(C1=CC=CC2=CC=CC=C21)(O)=O,1.3893425,0.215060708
O[S](=O)(=O)c1ccc2C(=O)c3ccccc3C(=O)c2c1,2.0300791,0.121177867
N[S](=O)(=O)c1cccc(c1)[N+]([O-])=O,1.1806889,0.202237258
O=S(O)(C(C(C(C(C(C(C(C(F)(F)F)(F)F)(F)F)(F)F)(F)F)(F)F)(F)F)(F)F)=O,2.8235457,0.077272649
OC(C(F)(F)F)(C(F)(F)F)C(F)(F)F,1.4794934,0.13982943
CCCCCCCCCCCCCC(O)=O,1.7430995,0.132786343
FC1=C(S(NS(C2=C(F)C(F)=C(F)C(F)=C2F)(=O)=O)(=O)=O)C(F)=C(F)C(F)=C1F,2.2231603,0.088868743
O=S(NS(C1=CC=C([N+]([O-])=O)C=C1)(=O)=O)(C2=CC=C(C)C=C2)=O,2.4608672,0.015653133
C/C=C/C=C/C(O)=O,-0.3050828,-0.052009648
ON1C(=O)c2ccccc2C1=O,0.04181646,-1.181810704
NCCCC(O)=O,-1.5649745,-0.071900374
OC(=O)c1ccccc1,0.029346406,inf
OC(=O)c1cc(cc(c1)[N+]([O-])=O)[N+]([O-])=O,1.2297935,0.556700694
OC(=O)c1cccc(c1)C(F)(F)F,1.2853634,0.108071927
Oc1c(F)c(F)c(F)c(F)c1F,1.3626528,0.497420636
CC(C)(C)c1ccc(cc1)C(O)=O,0.7766245,0.352812916
Oc1c(F)c(F)c(c(F)c1F)c2c(F)c(F)c(F)c(F)c2F,1.9805279,0.087314342
Oc1c(c(c(c(c1C(F)(F)F)C(F)(F)F)C(F)(F)F)C(F)(F)F)C(F)(F)F,2.8481345,0.238319356
Oc1ccc(cc1)c2ccccc2,0.30290288,0.134563208
Oc1ccccc1c2ccccc2,0.30290288,-31.29028773
OC(=O)c1cccc(Cl)c1,0.7718861,0.608096063
Nc1ccc(cc1)C(O)=O,-0.028195743,-0.530070958
OC(=O)c1ccc(O)cc1,0.12822652,0.013642164
Nc1cccc(c1)C(O)=O,-0.028642982,1.318255358
OC(=O)c1c(F)c(F)c(F)c(F)c1F,1.1994562,0.966321664
Oc1ccc(cc1[N+]([O-])=O)[N+]([O-])=O,1.2537272,0.492532378
CN(C)c1cccc(c1)C(O)=O,0.66584456,0.062190761
CC(C)c1ccc(cc1)C(O)=O,0.50501096,9.10021925
CC(C)(C)c1ccccc1O,-0.08370402,-0.818034745
CC(C)(C)c1cc(c(O)c(c1)C(C)(C)C)C(C)(C)C,0.34949246,0.364559163
Oc1cc(ccc1[N+]([O-])=O)[N+]([O-])=O,1.253485,0.27906629
Oc1cccc(Cl)c1,0.044320032,0.798545309
CC(C)c1ccccc1O,-0.13685203,-0.775652416
Oc1cccc(Br)c1,0.804139,0.27641114
Oc1ccccc1Br,-0.54626447,-0.317169413
Oc1c(cccc1[N+]([O-])=O)[N+]([O-])=O,1.2547028,0.183681893
Oc1ccccc1[N+]([O-])=O,0.8356739,-2.347861175
Oc1cccc(c1)[N+]([O-])=O,0.83605486,0.071865207
Oc1ccc(cc1)[N+]([O-])=O,0.8362831,0.137852487
Oc1c(F)c(F)cc(F)c1F,0.9157724,0.055904764
OC(C1=CC=CC(S(=O)(C(F)(C(F)(C(F)(F)F)F)F)=O)=C1)=O,2.2429385,0.019517508
OC(C1=CC=CC(S(=O)(C(C(F)(F)F)(C(F)(F)F)C(F)(F)F)=O)=C1)=O,2.327107,0.082375327
OC(C1=CC=CC(SC(F)(C(F)(C(F)(F)F)F)F)=C1)=O,1.7071137,0.072220792
OC(=O)c1cccc(c1)[S](=O)(=O)C(F)(F)F,1.7378919,0.02833841
FC(F)(F)C(c1cccc(c1)C(=O)O)(C(F)(F)F)C(F)(F)F,2.0745444,0.030586715
OC(C1=CC=CC(SC(F)(F)F)=C1)=O,1.1507001,0.101015553
Oc1c(Br)c(Br)c(Br)c(Br)c1Br,1.8518078,0.055200085
Oc1c(Cl)c(Cl)c(Cl)c(Cl)c1Cl,2.1603487,0.096623682
O=S(C1=C(O)C(S(=O)(OCC(F)(F)F)=O)=CC(S(=O)(OCC(F)(F)F)=O)=C1)(OCC(F)(F)F)=O,3.4004579,0.082948363
OC(=O)c1ccccc1O,0.62767875,0.609432697
Oc1ccccc1C#N,0.74895513,1.674839752
Oc1ccccc1N=Nc2cc(ccc2O)c3ccccc3,1.1091964,0.087447475
OC(=O)c1cc(I)cc(I)c1O,1.8627143,0.091358883
Oc1c(cc(c(O)c1[N+]([O-])=O)[N+]([O-])=O)[N+]([O-])=O,1.969321,0.840486928
OC(=O)c1cc(cc(c1O)[N+]([O-])=O)[N+]([O-])=O,1.6425977,0.346391537
OC(=O)c1ccc(cc1[N+]([O-])=O)[N+]([O-])=O,1.2295222,16.56460326
Oc1ccc(Cl)cc1,0.028742984,0.041900535
O=S(C1=C(O)C(S(=O)(OCC(F)(C(F)F)F)=O)=CC(S(=O)(OCC(F)(C(F)F)F)=O)=C1)(OCC(F)(C(F)F)F)=O,3.6756527,0.053195628
FC1=C(O)C(F)=C(F)C2=C(F)C(F)=C(F)C(F)=C21,1.6431351,0.153023159
O[S](=O)(=O)c1ccc(cc1[N+]([O-])=O)[N+]([O-])=O,1.6259217,0.032189449
O=S(C1=CC=CC2=CC=CC=C21)(O)=O,1.3893425,0.131660908
O[S](=O)(=O)c1ccc2C(=O)c3ccccc3C(=O)c2c1,2.0300791,0.033295654
N[S](=O)(=O)c1cccc(c1)[N+]([O-])=O,1.1806889,0.212874095
O=S(O)(C(C(C(C(C(C(C(C(F)(F)F)(F)F)(F)F)(F)F)(F)F)(F)F)(F)F)(F)F)=O,2.8235457,0.019330576
OC(C(F)(F)F)(C(F)(F)F)C(F)(F)F,1.4794934,0.039290013
CCCCCCCCCCCCCC(O)=O,1.7430995,0.087382486
FC1=C(S(NS(C2=C(F)C(F)=C(F)C(F)=C2F)(=O)=O)(=O)=O)C(F)=C(F)C(F)=C1F,2.2231603,0.029187656
O=S(NS(C1=CC=C([N+]([O-])=O)C=C1)(=O)=O)(C2=CC=C(C)C=C2)=O,2.4608672,0.000352507
C/C=C/C=C/C(O)=O,-0.3050828,-0.237293005
O=C1NC(=O)c2ccccc12,0.05398839,0.079767793
ON1C(=O)c2ccccc2C1=O,0.04181646,-1.097247586
NCCCC(O)=O,-1.5649745,-0.029588517
NCCC(O)=O,-2.4134386,-0.018927415
OC(=O)c1ccccc1,0.029346406,-2.467320323
OC(=O)c1cc(cc(c1)[N+]([O-])=O)[N+]([O-])=O,1.2297935,0.140004511
OC(=O)c1cccc(c1)C(F)(F)F,1.2853634,0.143091043
Oc1c(F)c(F)c(F)c(F)c1F,1.3626528,0.184040252
CC(C)(C)c1ccc(cc1)C(O)=O,0.7766245,0.06430783
Oc1c(F)c(F)c(c(F)c1F)c2c(F)c(F)c(F)c(F)c2F,1.9805279,0.302631029
Oc1c(c(c(c(c1C(F)(F)F)C(F)(F)F)C(F)(F)F)C(F)(F)F)C(F)(F)F,2.8481345,0.053775908
Oc1ccc(cc1)c2ccccc2,0.30290288,0.40607279
Oc1ccccc1c2ccccc2,0.30290288,-5.327183962
OC(=O)c1cccc(Cl)c1,0.7718861,0.187488305
Nc1ccc(cc1)C(O)=O,-0.028195858,-0.966029087
Nc1cccc(c1)C(O)=O,-0.028643023,1.954767441
Oc1ccc(cc1[N+]([O-])=O)[N+]([O-])=O,1.2537272,0.2668262
CN(C)c1cccc(c1)C(O)=O,0.66584456,0.752222525
CC(C)c1ccc(cc1)C(O)=O,0.50501096,0.294899904
CC(C)(C)c1ccccc1O,-0.08370402,-0.559452542
CC(C)(C)c1cc(c(O)c(c1)C(C)(C)C)C(C)(C)C,0.34949246,-1.776649912
Oc1cc(ccc1[N+]([O-])=O)[N+]([O-])=O,1.253485,0.064563459
Oc1cccc(Cl)c1,0.044320032,0.847172303
CC(C)c1ccccc1O,-0.13685203,-0.903625334
Oc1cccc(Br)c1,0.804139,0.237136951
Oc1ccccc1Br,-0.54626447,-0.365661174
Oc1c(cccc1[N+]([O-])=O)[N+]([O-])=O,1.2547028,0.090795068
Oc1ccccc1[N+]([O-])=O,0.8356739,-2.071376831
Oc1cccc(c1)[N+]([O-])=O,0.83605486,0.004696593
Oc1ccc(cc1)[N+]([O-])=O,0.8362831,0.060356081
Oc1c(F)c(F)cc(F)c1F,0.9157724,0.052611929
OC(C1=CC=CC(S(=O)(C(F)(C(F)(C(F)(F)F)F)F)=O)=C1)=O,2.2429385,0.007549328
OC(C1=CC=CC(S(=O)(C(C(F)(F)F)(C(F)(F)F)C(F)(F)F)=O)=C1)=O,2.327107,0.067480254
OC(C1=CC=CC(SC(F)(C(F)(C(F)(F)F)F)F)=C1)=O,1.7071137,0.00168787
OC(=O)c1cccc(c1)[S](=O)(=O)C(F)(F)F,1.7378919,0.066191357
FC(F)(F)C(c1cccc(c1)C(=O)O)(C(F)(F)F)C(F)(F)F,2.0745444,0.091865489
OC(C1=CC=CC(SC(F)(F)F)=C1)=O,1.1507001,0.160072925
Oc1c(Br)c(Br)c(Br)c(Br)c1Br,1.8518078,0.481446266
Oc1c(Cl)c(Cl)c(Cl)c(Cl)c1Cl,2.1603487,0.220535963
O=S(C1=C(O)C(S(=O)(OCC(F)(F)F)=O)=CC(S(=O)(OCC(F)(F)F)=O)=C1)(OCC(F)(F)F)=O,3.4004579,0.011494808
OC(=O)c1ccccc1O,0.62767875,0.120854914
Oc1ccccc1C#N,0.74895513,0.741756118
Oc1ccccc1N=Nc2cc(ccc2O)c3ccccc3,1.1091964,0.733119413
OC(=O)c1cc(I)cc(I)c1O,1.862715,0.073276116
Oc1c(cc(c(O)c1[N+]([O-])=O)[N+]([O-])=O)[N+]([O-])=O,1.9693215,0.100179603
OC(=O)c1cc(cc(c1O)[N+]([O-])=O)[N+]([O-])=O,1.6425977,0.061372757
OC(=O)c1ccc(cc1[N+]([O-])=O)[N+]([O-])=O,1.2295222,1.157056541
Oc1ccc(Cl)cc1,0.028742984,-1.359287299
O=S(C1=C(O)C(S(=O)(OCC(F)(C(F)F)F)=O)=CC(S(=O)(OCC(F)(C(F)F)F)=O)=C1)(OCC(F)(C(F)F)F)=O,3.6756525,0.19339367
FC1=C(O)C(F)=C(F)C2=C(F)C(F)=C(F)C(F)=C21,1.6431351,0.050210942
O[S](=O)(=O)c1ccc(cc1[N+]([O-])=O)[N+]([O-])=O,1.6259217,0.111518182
O=S(C1=CC=CC2=CC=CC=C21)(O)=O,1.3893425,0.163046659
O[S](=O)(=O)c1ccc2C(=O)c3ccccc3C(=O)c2c1,2.0300791,0.004863173
N[S](=O)(=O)c1cccc(c1)[N+]([O-])=O,1.1806889,0.040090359
O=S(O)(C(C(C(C(C(C(C(C(F)(F)F)(F)F)(F)F)(F)F)(F)F)(F)F)(F)F)(F)F)=O,2.8235457,0.029709383
OC(C(F)(F)F)(C(F)(F)F)C(F)(F)F,1.4794934,0.09786989
FC1=C(S(NS(C2=C(F)C(F)=C(F)C(F)=C2F)(=O)=O)(=O)=O)C(F)=C(F)C(F)=C1F,2.2231603,0.110735893
O=S(NS(C1=CC=C([N+]([O-])=O)C=C1)(=O)=O)(C2=CC=C(C)C=C2)=O,2.4608672,0.064309062
O=C1NC(=O)c2ccccc12,0.05398839,-1.034169867
ON1C(=O)c2ccccc2C1=O,0.04181646,0.902752414
OC(=O)c1ccccc1,-1.7799394,-0.171012772
OC(=O)c1cc(cc(c1)[N+]([O-])=O)[N+]([O-])=O,0.49763846,0.078447289
OC(=O)c1cccc(c1)C(F)(F)F,-0.03489901,1.05287729
Oc1c(F)c(F)c(F)c(F)c1F,0.20611858,0.084834651
CC(C)(C)c1ccc(cc1)C(O)=O,-0.23053801,-0.047900048
Oc1c(F)c(F)c(c(F)c1F)c2c(F)c(F)c(F)c(F)c2F,2.397967,0.131116557
Oc1ccc(cc1)c2ccccc2,-1.5522206,-0.070496954
OC(=O)c1cccc(Cl)c1,-0.07698132,-0.358488992
Nc1ccc(cc1)C(O)=O,-2.0029678,-0.136651795
OC(=O)c1ccc(O)cc1,-0.16955101,-0.614656784
Nc1cccc(c1)C(O)=O,-1.9981916,-0.074296556
OC(=O)c1c(F)c(F)c(F)c(F)c1F,0.762142,0.621578729
Oc1ccc(cc1[N+]([O-])=O)[N+]([O-])=O,0.7116792,0.099140228
CN(C)c1cccc(c1)C(O)=O,-0.74424255,-0.448709223
CC(C)c1ccc(cc1)C(O)=O,-1.1275969,-0.358550428
Oc1cc(ccc1[N+]([O-])=O)[N+]([O-])=O,0.7112226,0.616414975
Oc1cccc(Cl)c1,-1.1332588,-0.100251281
Oc1cccc(Br)c1,-0.4208947,-0.043421109
Oc1c(cccc1[N+]([O-])=O)[N+]([O-])=O,0.7135111,0.169690343
Oc1cccc(c1)[N+]([O-])=O,0.5637973,0.44563409
Oc1ccc(cc1)[N+]([O-])=O,0.5636039,0.225225822
Oc1c(F)c(F)cc(F)c1F,0.30557108,-1.727550189
OC(C1=CC=CC(S(=O)(C(F)(C(F)(C(F)(F)F)F)F)=O)=C1)=O,1.6255305,0.121055504
OC(C1=CC=CC(S(=O)(C(C(F)(F)F)(C(F)(F)F)C(F)(F)F)=O)=C1)=O,1.521558,0.170429266
OC(C1=CC=CC(SC(F)(C(F)(C(F)(F)F)F)F)=C1)=O,0.75720996,0.235141458
OC(=O)c1cccc(c1)[S](=O)(=O)C(F)(F)F,0.96525675,0.053669852
FC(F)(F)C(c1cccc(c1)C(=O)O)(C(F)(F)F)C(F)(F)F,1.4502492,0.133007184
OC(C1=CC=CC(SC(F)(F)F)=C1)=O,0.68821937,0.012087307
Oc1c(Br)c(Br)c(Br)c(Br)c1Br,1.3471403,0.002118287
Oc1c(Cl)c(Cl)c(Cl)c(Cl)c1Cl,1.5707998,0.075890293
OC(=O)c1ccccc1O,0.02235929,-1.203266266
Oc1ccccc1C#N,0.0846636,-1.498021175
Oc1ccccc1N=Nc2cc(ccc2O)c3ccccc3,0.7181523,0.055062783
OC(=O)c1cc(I)cc(I)c1O,1.2194908,0.096673506
Oc1c(cc(c(O)c1[N+]([O-])=O)[N+]([O-])=O)[N+]([O-])=O,1.3252339,0.312112808
OC(=O)c1cc(cc(c1O)[N+]([O-])=O)[N+]([O-])=O,0.6327434,0.246734026
OC(=O)c1ccc(cc1[N+]([O-])=O)[N+]([O-])=O,0.49702495,-2.38062487
Oc1ccc(Cl)cc1,-0.94869614,-0.258831143
FC1=C(O)C(F)=C(F)C2=C(F)C(F)=C(F)C(F)=C21,1.9011338,0.451247157
O[S](=O)(=O)c1ccc(cc1[N+]([O-])=O)[N+]([O-])=O,1.4686182,0.613866104
O=S(C1=CC=CC2=CC=CC=C21)(O)=O,1.0555985,1.24595425
O[S](=O)(=O)c1ccc2C(=O)c3ccccc3C(=O)c2c1,1.5375776,0.164831537
N[S](=O)(=O)c1cccc(c1)[N+]([O-])=O,0.94782263,0.895645261
O=S(O)(C(C(C(C(C(C(C(C(F)(F)F)(F)F)(F)F)(F)F)(F)F)(F)F)(F)F)(F)F)=O,2.3544943,0.00619416
OC(C(F)(F)F)(C(F)(F)F)C(F)(F)F,-0.46384108,-0.131319709
CCCCCCCCCCCCCC(O)=O,0.25703943,-1.362027363
FC1=C(S(NS(C2=C(F)C(F)=C(F)C(F)=C2F)(=O)=O)(=O)=O)C(F)=C(F)C(F)=C1F,2.6273987,0.492840187
O=S(NS(C1=CC=C([N+]([O-])=O)C=C1)(=O)=O)(C2=CC=C(C)C=C2)=O,1.7366166,0.061288318
ON1C(=O)c2ccccc2C1=O,-0.6097832,-0.582340293
OC(=O)c1ccccc1,-1.7799394,-1.118975492
OC(=O)c1cc(cc(c1)[N+]([O-])=O)[N+]([O-])=O,0.49763846,0.50728865
OC(=O)c1cccc(c1)C(F)(F)F,-0.034898877,1.034553344
Oc1c(F)c(F)c(F)c(F)c1F,0.20611855,0.797922986
CC(C)(C)c1ccc(cc1)C(O)=O,-0.23053801,-0.646700076
Oc1c(F)c(F)c(c(F)c1F)c2c(F)c(F)c(F)c(F)c2F,2.397967,0.066938872
Oc1c(c(c(c(c1C(F)(F)F)C(F)(F)F)C(F)(F)F)C(F)(F)F)C(F)(F)F,2.5791187,0.128676105
Oc1ccc(cc1)c2ccccc2,-1.5522206,-2.233792881
Oc1ccccc1c2ccccc2,-1.5522206,-0.132837663
OC(=O)c1cccc(Cl)c1,-0.07698132,1.219946631
Nc1ccc(cc1)C(O)=O,-2.0029678,-0.400676807
OC(=O)c1ccc(O)cc1,-0.16955101,-3.238775373
Nc1cccc(c1)C(O)=O,-1.9981916,-0.816537814
OC(=O)c1c(F)c(F)c(F)c(F)c1F,0.762142,0.307143634
Oc1ccc(cc1[N+]([O-])=O)[N+]([O-])=O,0.7116792,0.552403006
CN(C)c1cccc(c1)C(O)=O,-0.74424255,-0.063203641
CC(C)c1ccc(cc1)C(O)=O,-1.1275969,-1.399142245
CC(C)(C)c1ccccc1O,-2.9043071,-0.087755478
CC(C)(C)c1cc(c(O)c(c1)C(C)(C)C)C(C)(C)C,-1.2634387,-0.118087347
Oc1cc(ccc1[N+]([O-])=O)[N+]([O-])=O,0.7112226,0.347502212
Oc1cccc(Cl)c1,-1.1332588,-2.147941166
Oc1cccc(Br)c1,-0.4208947,2.913157783
Oc1ccccc1Br,-1.438878,-0.348923955
Oc1c(cccc1[N+]([O-])=O)[N+]([O-])=O,0.7135111,0.160575165
Oc1ccccc1[N+]([O-])=O,0.5641185,-1.271210819
Oc1cccc(c1)[N+]([O-])=O,0.5637973,0.248270273
Oc1ccc(cc1)[N+]([O-])=O,0.5636038,0.452811827
Oc1c(F)c(F)cc(F)c1F,0.30557108,0.151191447
OC(C1=CC=CC(S(=O)(C(F)(C(F)(C(F)(F)F)F)F)=O)=C1)=O,1.6255305,0.148936921
OC(C1=CC=CC(S(=O)(C(C(F)(F)F)(C(F)(F)F)C(F)(F)F)=O)=C1)=O,1.521558,0.115373229
OC(C1=CC=CC(SC(F)(C(F)(C(F)(F)F)F)F)=C1)=O,0.75720996,0.421977132
OC(=O)c1cccc(c1)[S](=O)(=O)C(F)(F)F,0.96525675,0.2277946
FC(F)(F)C(c1cccc(c1)C(=O)O)(C(F)(F)F)C(F)(F)F,1.4502492,0.146912238
OC(C1=CC=CC(SC(F)(F)F)=C1)=O,0.68821937,0.379982551
Oc1c(Br)c(Br)c(Br)c(Br)c1Br,1.3471403,0.294690936
Oc1c(Cl)c(Cl)c(Cl)c(Cl)c1Cl,1.5707996,0.328718124
O=S(C1=C(O)C(S(=O)(OCC(F)(F)F)=O)=CC(S(=O)(OCC(F)(F)F)=O)=C1)(OCC(F)(F)F)=O,3.850891,0.037277222
OC(=O)c1ccccc1O,0.02235929,0.936116316
Oc1ccccc1C#N,0.0846636,0.743443637
Oc1ccccc1N=Nc2cc(ccc2O)c3ccccc3,0.7181523,0.420844932
OC(=O)c1cc(I)cc(I)c1O,1.2194908,0.462779398
Oc1c(cc(c(O)c1[N+]([O-])=O)[N+]([O-])=O)[N+]([O-])=O,1.3252339,0.104571665
OC(=O)c1cc(cc(c1O)[N+]([O-])=O)[N+]([O-])=O,0.6327434,0.572470663
OC(=O)c1ccc(cc1[N+]([O-])=O)[N+]([O-])=O,0.49702495,-8.100356477
Oc1ccc(Cl)cc1,-0.94869614,-1.564043612
O=S(C1=C(O)C(S(=O)(OCC(F)(C(F)F)F)=O)=CC(S(=O)(OCC(F)(C(F)F)F)=O)=C1)(OCC(F)(C(F)F)F)=O,3.28265,0.083058661
FC1=C(O)C(F)=C(F)C2=C(F)C(F)=C(F)C(F)=C21,1.9011338,0.077119526
O[S](=O)(=O)c1ccc(cc1[N+]([O-])=O)[N+]([O-])=O,1.4686182,0.120587931
O=S(C1=CC=CC2=CC=CC=C21)(O)=O,1.0555985,0.112942439
O[S](=O)(=O)c1ccc2C(=O)c3ccccc3C(=O)c2c1,1.5375776,0.032970045
N[S](=O)(=O)c1cccc(c1)[N+]([O-])=O,0.94782263,0.146105738
O=S(O)(C(C(C(C(C(C(C(C(F)(F)F)(F)F)(F)F)(F)F)(F)F)(F)F)(F)F)(F)F)=O,2.3544943,0.140695499
OC(C(F)(F)F)(C(F)(F)F)C(F)(F)F,-0.46384108,2.364238473
CCCCCCCCCCCCCC(O)=O,0.25703943,0.082002044
FC1=C(S(NS(C2=C(F)C(F)=C(F)C(F)=C2F)(=O)=O)(=O)=O)C(F)=C(F)C(F)=C1F,2.6273987,0.01962734
O=S(NS(C1=CC=C([N+]([O-])=O)C=C1)(=O)=O)(C2=CC=C(C)C=C2)=O,1.7366166,0.332070534
C/C=C/C=C/C(O)=O,-1.499547,-0.242653028
O=C1NC(=O)c2ccccc12,-0.8647353,-0.565459646
ON1C(=O)c2ccccc2C1=O,-0.6097832,-0.693842146
NCCCC(O)=O,-2.5967054,-0.219110534
NCCC(O)=O,-2.9068203,-0.131058481
OC(=O)c1ccccc1,-0.1858694,-0.714047083
OC(=O)c1cc(cc(c1)[N+]([O-])=O)[N+]([O-])=O,0.6384187,0.257652704
OC(=O)c1cccc(c1)C(F)(F)F,1.0792363,0.047802203
Oc1c(F)c(F)c(F)c(F)c1F,1.1296377,0.737904182
CC(C)(C)c1ccc(cc1)C(O)=O,0.85035104,0.090193635
Oc1c(F)c(F)c(c(F)c1F)c2c(F)c(F)c(F)c(F)c2F,2.434501,0.022288782
Oc1c(c(c(c(c1C(F)(F)F)C(F)(F)F)C(F)(F)F)C(F)(F)F)C(F)(F)F,2.7127354,0.072227437
Oc1ccc(cc1)c2ccccc2,0.62680703,0.099661463
Oc1ccccc1c2ccccc2,0.62680703,11.53614068
OC(=O)c1cccc(Cl)c1,0.28665867,0.203725904
Nc1ccc(cc1)C(O)=O,-0.46663365,-0.629655835
OC(=O)c1ccc(O)cc1,-0.07878432,4.939215839
Nc1cccc(c1)C(O)=O,-0.46480066,-0.459534121
OC(=O)c1c(F)c(F)c(F)c(F)c1F,0.83058035,0.07713294
Oc1ccc(cc1[N+]([O-])=O)[N+]([O-])=O,1.3164487,0.156122636
CN(C)c1cccc(c1)C(O)=O,0.3205949,0.885852393
CC(C)c1ccc(cc1)C(O)=O,-0.009134494,-0.982765106
CC(C)(C)c1ccccc1O,-0.008668706,-0.99174409
Oc1cc(ccc1[N+]([O-])=O)[N+]([O-])=O,1.3161435,0.400152673
Oc1cccc(Cl)c1,-0.1633551,-4.445169906
CC(C)c1ccccc1O,0.000906786,-1.000657091
Oc1cccc(Br)c1,0.7428218,1.561454526
Oc1c(cccc1[N+]([O-])=O)[N+]([O-])=O,1.3176832,0.267003096
Oc1ccccc1[N+]([O-])=O,0.1261831,-1.119040653
Oc1cccc(c1)[N+]([O-])=O,0.12920071,0.893222552
Oc1ccc(cc1)[N+]([O-])=O,0.13093507,0.900049563
Oc1c(F)c(F)cc(F)c1F,0.8551283,20.37820721
OC(C1=CC=CC(S(=O)(C(F)(C(F)(C(F)(F)F)F)F)=O)=C1)=O,1.8759577,0.103504546
OC(C1=CC=CC(S(=O)(C(C(F)(F)F)(C(F)(F)F)C(F)(F)F)=O)=C1)=O,1.9460628,0.035139789
OC(C1=CC=CC(SC(F)(C(F)(C(F)(F)F)F)F)=C1)=O,1.3348973,0.003682165
OC(=O)c1cccc(c1)[S](=O)(=O)C(F)(F)F,1.4145954,0.047848419
FC(F)(F)C(c1cccc(c1)C(=O)O)(C(F)(F)F)C(F)(F)F,1.8881102,0.13741576
OC(C1=CC=CC(SC(F)(F)F)=C1)=O,1.0127125,0.088938149
Oc1c(Cl)c(Cl)c(Cl)c(Cl)c1Cl,2.0904677,0.154954526
O=S(C1=C(O)C(S(=O)(OCC(F)(F)F)=O)=CC(S(=O)(OCC(F)(F)F)=O)=C1)(OCC(F)(F)F)=O,3.9109879,0.031922917
OC(=O)c1ccccc1O,-0.058915854,1.178532889
Oc1ccccc1C#N,0.578589,0.00243272
Oc1ccccc1N=Nc2cc(ccc2O)c3ccccc3,1.3709729,0.006541397
OC(=O)c1cc(I)cc(I)c1O,2.2276864,0.09200314
Oc1c(cc(c(O)c1[N+]([O-])=O)[N+]([O-])=O)[N+]([O-])=O,1.5209241,0.049422443
OC(=O)c1cc(cc(c1O)[N+]([O-])=O)[N+]([O-])=O,1.6839697,0.043199014
OC(=O)c1ccc(cc1[N+]([O-])=O)[N+]([O-])=O,0.6369606,-3.654002607
Oc1ccc(Cl)cc1,0.28642985,-3.045927516
O=S(C1=C(O)C(S(=O)(OCC(F)(C(F)F)F)=O)=CC(S(=O)(OCC(F)(C(F)F)F)=O)=C1)(OCC(F)(C(F)F)F)=O,3.3039937,0.010780329
FC1=C(O)C(F)=C(F)C2=C(F)C(F)=C(F)C(F)=C21,1.405251,0.39133765
O[S](=O)(=O)c1ccc(cc1[N+]([O-])=O)[N+]([O-])=O,1.3270936,0.206448728
O=S(C1=CC=CC2=CC=CC=C21)(O)=O,1.0511799,0.33060745
O[S](=O)(=O)c1ccc2C(=O)c3ccccc3C(=O)c2c1,1.4851921,0.401124585
N[S](=O)(=O)c1cccc(c1)[N+]([O-])=O,0.97048056,0.213100702
O=S(O)(C(C(C(C(C(C(C(C(F)(F)F)(F)F)(F)F)(F)F)(F)F)(F)F)(F)F)(F)F)=O,2.5561943,0.291007225
OC(C(F)(F)F)(C(F)(F)F)C(F)(F)F,0.30780724,0.067250797
CCCCCCCCCCCCCC(O)=O,1.2406998,0.494818998
FC1=C(S(NS(C2=C(F)C(F)=C(F)C(F)=C2F)(=O)=O)(=O)=O)C(F)=C(F)C(F)=C1F,2.3238244,0.185624697
O=S(NS(C1=CC=C([N+]([O-])=O)C=C1)(=O)=O)(C2=CC=C(C)C=C2)=O,2.5453465,0.471298554
C/C=C/C=C/C(O)=O,-0.5774278,-0.72104937
O=C1NC(=O)c2ccccc12,-0.55642664,-0.699228841
ON1C(=O)c2ccccc2C1=O,0.24033964,-1.212689944
OC(=O)c1ccccc1,-0.1858694,-0.256522417
OC(=O)c1cc(cc(c1)[N+]([O-])=O)[N+]([O-])=O,0.6384187,0.435027722
OC(=O)c1cccc(c1)C(F)(F)F,1.0792363,0.061533679
Oc1c(F)c(F)c(F)c(F)c1F,1.1296377,0.08900184
CC(C)(C)c1ccc(cc1)C(O)=O,0.85035104,0.166322514
Oc1c(F)c(F)c(c(F)c1F)c2c(F)c(F)c(F)c(F)c2F,2.4345014,0.084773906
Oc1c(c(c(c(c1C(F)(F)F)C(F)(F)F)C(F)(F)F)C(F)(F)F)C(F)(F)F,2.7127352,0.077300961
Oc1ccc(cc1)c2ccccc2,0.62680703,0.26257996
Oc1ccccc1c2ccccc2,0.62680703,0.139649153
OC(=O)c1cccc(Cl)c1,0.28665867,0.245635067
Nc1ccc(cc1)C(O)=O,-0.46663365,-0.235026807
OC(=O)c1ccc(O)cc1,-0.07878432,-0.313071946
Nc1cccc(c1)C(O)=O,-0.46480048,-0.256217505
OC(=O)c1c(F)c(F)c(F)c(F)c1F,0.8305802,0.012902652
Oc1ccc(cc1[N+]([O-])=O)[N+]([O-])=O,1.3164487,0.046051675
CN(C)c1cccc(c1)C(O)=O,0.3205949,0.383471333
CC(C)c1ccc(cc1)C(O)=O,-0.009134494,1.070265337
CC(C)(C)c1ccccc1O,-0.008668706,1.027089706
CC(C)(C)c1cc(c(O)c(c1)C(C)(C)C)C(C)(C)C,0.6440073,0.184800854
Oc1cc(ccc1[N+]([O-])=O)[N+]([O-])=O,1.3161435,0.087721911
Oc1cccc(Cl)c1,-0.1633551,1.371261584
CC(C)c1ccccc1O,0.000906786,-1.004772558
Oc1cccc(Br)c1,0.7428218,0.082936034
Oc1ccccc1Br,-0.5416711,-0.404757036
Oc1c(cccc1[N+]([O-])=O)[N+]([O-])=O,1.3176832,0.647104025
Oc1ccccc1[N+]([O-])=O,0.1261831,-1.137155535
Oc1cccc(c1)[N+]([O-])=O,0.12920071,0.851493435
Oc1ccc(cc1)[N+]([O-])=O,0.13093507,0.8422469
Oc1c(F)c(F)cc(F)c1F,0.8551283,0.710256577
OC(C1=CC=CC(S(=O)(C(F)(C(F)(C(F)(F)F)F)F)=O)=C1)=O,1.8759577,0.007429774
OC(C1=CC=CC(S(=O)(C(C(F)(F)F)(C(F)(F)F)C(F)(F)F)=O)=C1)=O,1.9460628,0.069265277
OC(C1=CC=CC(SC(F)(C(F)(C(F)(F)F)F)F)=C1)=O,1.3348973,0.085686795
OC(=O)c1cccc(c1)[S](=O)(=O)C(F)(F)F,1.4145954,0.044192321
FC(F)(F)C(c1cccc(c1)C(=O)O)(C(F)(F)F)C(F)(F)F,1.8881102,0.009684578
OC(C1=CC=CC(SC(F)(F)F)=C1)=O,1.0127125,0.016784001
Oc1c(Br)c(Br)c(Br)c(Br)c1Br,1.0657976,0.420762192
Oc1c(Cl)c(Cl)c(Cl)c(Cl)c1Cl,2.0904677,0.036650833
O=S(C1=C(O)C(S(=O)(OCC(F)(F)F)=O)=CC(S(=O)(OCC(F)(F)F)=O)=C1)(OCC(F)(F)F)=O,3.9109879,0.031922917
OC(=O)c1ccccc1O,-0.058915854,1.245482723
Oc1ccccc1C#N,0.578589,0.52260269
Oc1ccccc1N=Nc2cc(ccc2O)c3ccccc3,1.3709731,0.034525979
OC(=O)c1cc(I)cc(I)c1O,2.2276866,0.003462452
Oc1c(cc(c(O)c1[N+]([O-])=O)[N+]([O-])=O)[N+]([O-])=O,1.5209241,0.179010924
OC(=O)c1cc(cc(c1O)[N+]([O-])=O)[N+]([O-])=O,1.6839697,0.06580363
OC(=O)c1ccc(cc1[N+]([O-])=O)[N+]([O-])=O,0.6369606,0.930183714
Oc1ccc(Cl)cc1,0.28642967,0.012311471
O=S(C1=C(O)C(S(=O)(OCC(F)(C(F)F)F)=O)=CC(S(=O)(OCC(F)(C(F)F)F)=O)=C1)(OCC(F)(C(F)F)F)=O,3.3039937,0.001210213
FC1=C(O)C(F)=C(F)C2=C(F)C(F)=C(F)C(F)=C21,1.405251,0.227884052
O[S](=O)(=O)c1ccc(cc1[N+]([O-])=O)[N+]([O-])=O,1.3270936,0.070236775
O=S(C1=CC=CC2=CC=CC=C21)(O)=O,1.0511799,0.017588892
O[S](=O)(=O)c1ccc2C(=O)c3ccccc3C(=O)c2c1,1.4851921,0.077520459
N[S](=O)(=O)c1cccc(c1)[N+]([O-])=O,0.97048056,0.075732799
O=S(O)(C(C(C(C(C(C(C(C(F)(F)F)(F)F)(F)F)(F)F)(F)F)(F)F)(F)F)(F)F)=O,2.5561943,0.013052392
OC(C(F)(F)F)(C(F)(F)F)C(F)(F)F,0.30780724,0.547342299
CCCCCCCCCCCCCC(O)=O,1.2406998,0.033916473
FC1=C(S(NS(C2=C(F)C(F)=C(F)C(F)=C2F)(=O)=O)(=O)=O)C(F)=C(F)C(F)=C1F,2.3238244,0.010358437
O=S(NS(C1=CC=C([N+]([O-])=O)C=C1)(=O)=O)(C2=CC=C(C)C=C2)=O,2.5453465,0.056160373
C/C=C/C=C/C(O)=O,-0.5774278,-0.031121079
O=C1NC(=O)c2ccccc12,-0.55642664,-0.056903993
ON1C(=O)c2ccccc2C1=O,0.24033964,0.109853197
NCCCC(O)=O,-1.8286839,-0.142927408
NCCC(O)=O,-2.547349,-0.248700478
OC(=O)c1ccccc1,-0.1858694,-0.858693957
OC(=O)c1cc(cc(c1)[N+]([O-])=O)[N+]([O-])=O,0.6384187,0.467984438
OC(=O)c1cccc(c1)C(F)(F)F,1.0792363,0.143463279
Oc1c(F)c(F)c(F)c(F)c1F,1.1296377,0.14421385
CC(C)(C)c1ccc(cc1)C(O)=O,0.85035104,0.17441647
Oc1c(F)c(F)c(c(F)c1F)c2c(F)c(F)c(F)c(F)c2F,2.4345014,0.130535211
Oc1c(c(c(c(c1C(F)(F)F)C(F)(F)F)C(F)(F)F)C(F)(F)F)C(F)(F)F,2.7127352,0.113485237
Oc1ccc(cc1)c2ccccc2,0.62680703,0.07822495
Oc1ccccc1c2ccccc2,0.62680703,0.607197523
OC(=O)c1cccc(Cl)c1,0.28665867,0.47880241
Nc1ccc(cc1)C(O)=O,-0.46663365,-0.292979322
OC(=O)c1ccc(O)cc1,-0.07878432,1.606033206
Nc1cccc(c1)C(O)=O,-0.46480066,-0.549335519
OC(=O)c1c(F)c(F)c(F)c(F)c1F,0.83058035,0.271420742
Oc1ccc(cc1[N+]([O-])=O)[N+]([O-])=O,1.3164489,0.206958478
CN(C)c1cccc(c1)C(O)=O,0.3205948,0.287567139
CC(C)c1ccc(cc1)C(O)=O,-0.009134494,-0.086550623
CC(C)(C)c1ccccc1O,-0.008668706,1.027963567
CC(C)(C)c1cc(c(O)c(c1)C(C)(C)C)C(C)(C)C,0.6440073,0.463653012
Oc1cc(ccc1[N+]([O-])=O)[N+]([O-])=O,1.3161435,0.177410305
Oc1cccc(Cl)c1,-0.1633551,1.220750131
CC(C)c1ccccc1O,0.000906786,-1.006477043
Oc1cccc(Br)c1,0.7428218,0.226227279
Oc1ccccc1Br,-0.5416711,-0.153638911
Oc1c(cccc1[N+]([O-])=O)[N+]([O-])=O,1.3176832,0.084942208
Oc1ccccc1[N+]([O-])=O,0.1261831,-1.242659793
Oc1cccc(c1)[N+]([O-])=O,0.12920071,0.914436615
Oc1ccc(cc1)[N+]([O-])=O,0.13093507,0.919671734
Oc1c(F)c(F)cc(F)c1F,0.8551283,0.07051273
OC(C1=CC=CC(S(=O)(C(F)(C(F)(C(F)(F)F)F)F)=O)=C1)=O,1.8759577,0.12338424
OC(C1=CC=CC(S(=O)(C(C(F)(F)F)(C(F)(F)F)C(F)(F)F)=O)=C1)=O,1.9460628,0.055309319
OC(C1=CC=CC(SC(F)(C(F)(C(F)(F)F)F)F)=C1)=O,1.3348973,0.175989333
OC(=O)c1cccc(c1)[S](=O)(=O)C(F)(F)F,1.4145954,0.182314818
FC(F)(F)C(c1cccc(c1)C(=O)O)(C(F)(F)F)C(F)(F)F,1.8881102,0.036678489
OC(C1=CC=CC(SC(F)(F)F)=C1)=O,1.0127125,0.208818376
Oc1c(Br)c(Br)c(Br)c(Br)c1Br,1.0657976,0.089061908
Oc1c(Cl)c(Cl)c(Cl)c(Cl)c1Cl,2.0904677,0.102803566
O=S(C1=C(O)C(S(=O)(OCC(F)(F)F)=O)=CC(S(=O)(OCC(F)(F)F)=O)=C1)(OCC(F)(F)F)=O,3.9109879,0.027117449
OC(=O)c1ccccc1O,-0.058915854,1.093517228
Oc1ccccc1C#N,0.578589,0.327222067
Oc1ccccc1N=Nc2cc(ccc2O)c3ccccc3,1.3709731,0.246718071
OC(=O)c1cc(I)cc(I)c1O,2.2276866,0.063997209
Oc1c(cc(c(O)c1[N+]([O-])=O)[N+]([O-])=O)[N+]([O-])=O,1.5209241,0.10533877
OC(=O)c1cc(cc(c1O)[N+]([O-])=O)[N+]([O-])=O,1.6839697,0.174524639
OC(=O)c1ccc(cc1[N+]([O-])=O)[N+]([O-])=O,0.6369606,0.327001303
Oc1ccc(Cl)cc1,0.28642985,0.514525674
O=S(C1=C(O)C(S(=O)(OCC(F)(C(F)F)F)=O)=CC(S(=O)(OCC(F)(C(F)F)F)=O)=C1)(OCC(F)(C(F)F)F)=O,3.3039937,0.084766288
FC1=C(O)C(F)=C(F)C2=C(F)C(F)=C(F)C(F)=C21,1.4052515,0.087499024
O[S](=O)(=O)c1ccc(cc1[N+]([O-])=O)[N+]([O-])=O,1.3270936,0.266799115
O=S(C1=CC=CC2=CC=CC=C21)(O)=O,1.0511799,0.185131871
O[S](=O)(=O)c1ccc2C(=O)c3ccccc3C(=O)c2c1,1.4851921,0.226462469
N[S](=O)(=O)c1cccc(c1)[N+]([O-])=O,0.97048056,0.335287287
O=S(O)(C(C(C(C(C(C(C(C(F)(F)F)(F)F)(F)F)(F)F)(F)F)(F)F)(F)F)(F)F)=O,2.5561943,0.093548119
OC(C(F)(F)F)(C(F)(F)F)C(F)(F)F,0.30780724,0.619991066
CCCCCCCCCCCCCC(O)=O,1.2406998,0.138402939
FC1=C(S(NS(C2=C(F)C(F)=C(F)C(F)=C2F)(=O)=O)(=O)=O)C(F)=C(F)C(F)=C1F,2.3238244,0.08149233
O=S(NS(C1=CC=C([N+]([O-])=O)C=C1)(=O)=O)(C2=CC=C(C)C=C2)=O,2.5453465,0.032187643
C/C=C/C=C/C(O)=O,-0.5774278,-0.132211381
O=C1NC(=O)c2ccccc12,-0.55642664,-0.030419712
ON1C(=O)c2ccccc2C1=O,0.24033964,0.313315323
OC(=O)c1ccccc1,-0.1858694,2.858693957
OC(=O)c1cc(cc(c1)[N+]([O-])=O)[N+]([O-])=O,0.6384187,0.467984438
OC(=O)c1cccc(c1)C(F)(F)F,1.0792363,0.17615552
Oc1c(F)c(F)c(F)c(F)c1F,1.1296377,0.096289825
CC(C)(C)c1ccc(cc1)C(O)=O,0.85035104,0.35579467
Oc1c(F)c(F)c(c(F)c1F)c2c(F)c(F)c(F)c(F)c2F,2.4345014,0.098332811
Oc1c(c(c(c(c1C(F)(F)F)C(F)(F)F)C(F)(F)F)C(F)(F)F)C(F)(F)F,2.7127352,0.044811558
Oc1ccc(cc1)c2ccccc2,0.62680703,0.26257996
Oc1ccccc1c2ccccc2,0.62680703,0.279198029
OC(=O)c1cccc(Cl)c1,0.28665867,0.622817534
Nc1ccc(cc1)C(O)=O,-0.46663365,-0.555445492
OC(=O)c1ccc(O)cc1,-0.07878432,1.375163413
Nc1cccc(c1)C(O)=O,-0.46480066,-8.296013117
OC(=O)c1c(F)c(F)c(F)c(F)c1F,0.83058035,0.340809243
Oc1ccc(cc1[N+]([O-])=O)[N+]([O-])=O,1.3164487,0.092104353
CN(C)c1cccc(c1)C(O)=O,0.3205949,0.609030601
CC(C)c1ccc(cc1)C(O)=O,-0.009134494,1.021243009
CC(C)(C)c1ccccc1O,-0.008668706,1.024767731
CC(C)(C)c1cc(c(O)c(c1)C(C)(C)C)C(C)(C)C,0.6440072,0.355992794
Oc1cc(ccc1[N+]([O-])=O)[N+]([O-])=O,1.3161433,0.086011615
Oc1cccc(Cl)c1,-0.1633551,1.247507723
CC(C)c1ccccc1O,0.000906786,-1.018135719
Oc1cccc(Br)c1,0.7428218,0.249674937
Oc1ccccc1Br,-0.5416711,-0.022020938
Oc1c(cccc1[N+]([O-])=O)[N+]([O-])=O,1.3176832,0.038187431
Oc1ccccc1[N+]([O-])=O,0.1261831,-1.15388182
Oc1cccc(c1)[N+]([O-])=O,0.12920071,0.89233274
Oc1ccc(cc1)[N+]([O-])=O,0.13093507,0.89267617
Oc1c(F)c(F)cc(F)c1F,0.8551283,0.144871712
OC(C1=CC=CC(S(=O)(C(F)(C(F)(C(F)(F)F)F)F)=O)=C1)=O,1.8759577,0.228000935
OC(C1=CC=CC(S(=O)(C(C(F)(F)F)(C(F)(F)F)C(F)(F)F)=O)=C1)=O,1.9460628,0.20891756
OC(C1=CC=CC(SC(F)(C(F)(C(F)(F)F)F)F)=C1)=O,1.3348973,0.370331472
OC(=O)c1cccc(c1)[S](=O)(=O)C(F)(F)F,1.4145954,0.278267671
FC(F)(F)C(c1cccc(c1)C(=O)O)(C(F)(F)F)C(F)(F)F,1.8881102,0.213287433
OC(C1=CC=CC(SC(F)(F)F)=C1)=O,1.0127125,0.249842608
Oc1c(Br)c(Br)c(Br)c(Br)c1Br,1.0657976,0.4330864
Oc1c(Cl)c(Cl)c(Cl)c(Cl)c1Cl,2.0904677,0.173728185
O=S(C1=C(O)C(S(=O)(OCC(F)(F)F)=O)=CC(S(=O)(OCC(F)(F)F)=O)=C1)(OCC(F)(F)F)=O,3.9109879,0.048421447
OC(=O)c1ccccc1O,-0.058915854,1.085385295
Oc1ccccc1C#N,0.578589,0.371098889
Oc1ccccc1N=Nc2cc(ccc2O)c3ccccc3,1.3709731,0.221038006
OC(=O)c1cc(I)cc(I)c1O,2.2276866,0.079468329
Oc1c(cc(c(O)c1[N+]([O-])=O)[N+]([O-])=O)[N+]([O-])=O,1.5209241,0.094688041
OC(=O)c1cc(cc(c1O)[N+]([O-])=O)[N+]([O-])=O,1.6839697,0.079797958
OC(=O)c1ccc(cc1[N+]([O-])=O)[N+]([O-])=O,0.6369606,0.481303781
Oc1ccc(Cl)cc1,0.28642985,0.572492758
O=S(C1=C(O)C(S(=O)(OCC(F)(C(F)F)F)=O)=CC(S(=O)(OCC(F)(C(F)F)F)=O)=C1)(OCC(F)(C(F)F)F)=O,3.3039937,0.180150446
FC1=C(O)C(F)=C(F)C2=C(F)C(F)=C(F)C(F)=C21,1.405251,0.334004253
O[S](=O)(=O)c1ccc(cc1[N+]([O-])=O)[N+]([O-])=O,1.3270936,0.294099148
O=S(C1=CC=CC2=CC=CC=C21)(O)=O,1.0511799,0.355104365
O[S](=O)(=O)c1ccc2C(=O)c3ccccc3C(=O)c2c1,1.4851918,0.312411193
N[S](=O)(=O)c1cccc(c1)[N+]([O-])=O,0.97048044,0.381859591
O=S(O)(C(C(C(C(C(C(C(C(F)(F)F)(F)F)(F)F)(F)F)(F)F)(F)F)(F)F)(F)F)=O,2.5561943,0.147935232
OC(C(F)(F)F)(C(F)(F)F)C(F)(F)F,0.30780724,0.619991066
CCCCCCCCCCCCCC(O)=O,1.2406998,0.322021985
FC1=C(S(NS(C2=C(F)C(F)=C(F)C(F)=C2F)(=O)=O)(=O)=O)C(F)=C(F)C(F)=C1F,2.3238244,0.12308513
O=S(NS(C1=CC=C([N+]([O-])=O)C=C1)(=O)=O)(C2=CC=C(C)C=C2)=O,2.5453465,0.074419455
C/C=C/C=C/C(O)=O,-0.5774278,-2.849518696
O=C1NC(=O)c2ccccc12,-0.55642664,-4.058424039
ON1C(=O)c2ccccc2C1=O,0.24033964,0.578351514
OC(=O)c1ccccc1,-0.24508336,-0.750595442
OC(=O)c1cc(cc(c1)[N+]([O-])=O)[N+]([O-])=O,1.1053696,0.0470952
OC(=O)c1cccc(c1)C(F)(F)F,1.4495165,0.099679171
Oc1c(F)c(F)c(F)c(F)c1F,1.280659,0.051363733
CC(C)(C)c1ccc(cc1)C(O)=O,0.8139478,0.095613559
Oc1c(F)c(F)c(c(F)c1F)c2c(F)c(F)c(F)c(F)c2F,1.9883101,0.235265347
Oc1c(c(c(c(c1C(F)(F)F)C(F)(F)F)C(F)(F)F)C(F)(F)F)C(F)(F)F,2.785603,0.005141769
Oc1ccc(cc1)c2ccccc2,0.3929321,0.568206498
Oc1ccccc1c2ccccc2,0.3929321,0.163974283
OC(=O)c1cccc(Cl)c1,0.8751107,1.083596871
Nc1ccc(cc1)C(O)=O,-0.35974765,-0.345913367
OC(=O)c1ccc(O)cc1,-0.56645834,-2.776388963
Nc1cccc(c1)C(O)=O,-0.35983792,-0.090417938
OC(=O)c1c(F)c(F)c(F)c(F)c1F,1.0480015,0.047271338
Oc1ccc(cc1[N+]([O-])=O)[N+]([O-])=O,1.2505965,0.131530192
CN(C)c1cccc(c1)C(O)=O,0.3857052,0.103011156
CC(C)c1ccc(cc1)C(O)=O,0.7410896,-5.940597216
CC(C)(C)c1ccccc1O,0.18983261,0.174640814
CC(C)(C)c1cc(c(O)c(c1)C(C)(C)C)C(C)(C)C,0.32935593,0.029237267
Oc1cc(ccc1[N+]([O-])=O)[N+]([O-])=O,1.2501516,0.094093019
Oc1cccc(Cl)c1,0.51673734,0.077254747
CC(C)c1ccccc1O,-0.14929995,-0.28904786
Oc1cccc(Br)c1,0.82693195,0.08806836
Oc1ccccc1Br,-0.1076477,-0.836897421
Oc1c(cccc1[N+]([O-])=O)[N+]([O-])=O,1.2523808,0.052420881
Oc1ccccc1[N+]([O-])=O,0.71467984,-2.276213995
Oc1cccc(c1)[N+]([O-])=O,0.7166448,0.431234267
Oc1ccc(cc1)[N+]([O-])=O,0.71777993,0.411655791
Oc1c(F)c(F)cc(F)c1F,1.2608836,0.3413655
OC(C1=CC=CC(S(=O)(C(F)(C(F)(C(F)(F)F)F)F)=O)=C1)=O,1.9227207,0.019020066
OC(C1=CC=CC(S(=O)(C(C(F)(F)F)(C(F)(F)F)C(F)(F)F)=O)=C1)=O,1.940942,0.024652237
OC(C1=CC=CC(SC(F)(C(F)(C(F)(F)F)F)F)=C1)=O,1.4659626,0.041854478
OC(=O)c1cccc(c1)[S](=O)(=O)C(F)(F)F,1.4856844,0.065607299
FC(F)(F)C(c1cccc(c1)C(=O)O)(C(F)(F)F)C(F)(F)F,2.0287693,0.079132582
OC(C1=CC=CC(SC(F)(F)F)=C1)=O,1.0125821,0.053661623
Oc1c(Cl)c(Cl)c(Cl)c(Cl)c1Cl,2.0901208,0.041228994
O=S(C1=C(O)C(S(=O)(OCC(F)(F)F)=O)=CC(S(=O)(OCC(F)(F)F)=O)=C1)(OCC(F)(F)F)=O,3.4927866,0.088045262
OC(=O)c1ccccc1O,-0.2628551,1.515402181
Oc1ccccc1C#N,0.7522214,0.059723243
Oc1ccccc1N=Nc2cc(ccc2O)c3ccccc3,1.1418622,0.347507341
OC(=O)c1cc(I)cc(I)c1O,1.7841477,0.166286103
Oc1c(cc(c(O)c1[N+]([O-])=O)[N+]([O-])=O)[N+]([O-])=O,1.630481,0.200744606
OC(=O)c1cc(cc(c1O)[N+]([O-])=O)[N+]([O-])=O,1.6461079,0.06999553
OC(=O)c1ccc(cc1[N+]([O-])=O)[N+]([O-])=O,1.1045253,3.802284033
Oc1ccc(Cl)cc1,0.5522522,0.150381272
O=S(C1=C(O)C(S(=O)(OCC(F)(C(F)F)F)=O)=CC(S(=O)(OCC(F)(C(F)F)F)=O)=C1)(OCC(F)(C(F)F)F)=O,3.4106584,0.017101337
FC1=C(O)C(F)=C(F)C2=C(F)C(F)=C(F)C(F)=C21,1.2385676,0.061691219
O[S](=O)(=O)c1ccc(cc1[N+]([O-])=O)[N+]([O-])=O,1.5211062,0.005812913
O=S(C1=CC=CC2=CC=CC=C21)(O)=O,1.277107,0.060950735
O[S](=O)(=O)c1ccc2C(=O)c3ccccc3C(=O)c2c1,1.8595393,0.031489963
N[S](=O)(=O)c1cccc(c1)[N+]([O-])=O,1.3319137,0.062032599
O=S(O)(C(C(C(C(C(C(C(C(F)(F)F)(F)F)(F)F)(F)F)(F)F)(F)F)(F)F)(F)F)=O,2.6473744,0.022152275
OC(C(F)(F)F)(C(F)(F)F)C(F)(F)F,1.1494856,0.532647451
CCCCCCCCCCCCCC(O)=O,1.4685857,0.093465599
FC1=C(S(NS(C2=C(F)C(F)=C(F)C(F)=C2F)(=O)=O)(=O)=O)C(F)=C(F)C(F)=C1F,2.1487663,0.036427677
O=S(NS(C1=CC=C([N+]([O-])=O)C=C1)(=O)=O)(C2=CC=C(C)C=C2)=O,2.5904555,0.083872608
C/C=C/C=C/C(O)=O,-0.2608137,-0.572436536
O=C1NC(=O)c2ccccc12,-0.79441446,-0.444389928
ON1C(=O)c2ccccc2C1=O,0.27484292,0.0522658
OC(=O)c1ccccc1,-1.4400227,-0.777805811
OC(=O)c1cc(cc(c1)[N+]([O-])=O)[N+]([O-])=O,0.5348079,0.151098539
OC(=O)c1cccc(c1)C(F)(F)F,0.023052586,0.962818409
Oc1c(F)c(F)c(F)c(F)c1F,0.3647715,0.255568397
CC(C)(C)c1ccc(cc1)C(O)=O,-0.16250467,-0.492172897
Oc1c(F)c(F)c(c(F)c1F)c2c(F)c(F)c(F)c(F)c2F,2.4528787,0.085344564
Oc1c(c(c(c(c1C(F)(F)F)C(F)(F)F)C(F)(F)F)C(F)(F)F)C(F)(F)F,2.6286619,0.011781252
Oc1ccc(cc1)c2ccccc2,-1.4040451,-0.800057827
Oc1ccccc1c2ccccc2,-1.4040451,-0.105547327
OC(=O)c1cccc(Cl)c1,-0.12932974,-0.077747842
Nc1ccc(cc1)C(O)=O,-1.6764975,-0.003890694
OC(=O)c1ccc(O)cc1,-0.15011874,-0.749802103
Nc1cccc(c1)C(O)=O,-1.6723552,-0.169479143
OC(=O)c1c(F)c(F)c(F)c(F)c1F,0.74983877,0.050837001
Oc1ccc(cc1[N+]([O-])=O)[N+]([O-])=O,0.763208,0.438817668
CN(C)c1cccc(c1)C(O)=O,-0.6476782,-0.136277538
CC(C)c1ccc(cc1)C(O)=O,-0.7087084,-0.610700922
CC(C)(C)c1ccccc1O,-2.9163759,-0.060500318
CC(C)(C)c1cc(c(O)c(c1)C(C)(C)C)C(C)(C)C,-1.2887254,-0.039294658
Oc1cc(ccc1[N+]([O-])=O)[N+]([O-])=O,0.76287234,0.034338812
Oc1cccc(Cl)c1,-0.83900106,-0.067776601
Oc1cccc(Br)c1,-0.4447951,-0.01156644
Oc1c(cccc1[N+]([O-])=O)[N+]([O-])=O,0.7645612,0.100516263
Oc1ccccc1[N+]([O-])=O,0.60220206,-1.253026075
Oc1cccc(c1)[N+]([O-])=O,0.6023269,0.196897427
Oc1ccc(cc1)[N+]([O-])=O,0.60233366,0.385373811
OC(C1=CC=CC(S(=O)(C(F)(C(F)(C(F)(F)F)F)F)=O)=C1)=O,1.6034911,0.187771161
OC(C1=CC=CC(S(=O)(C(C(F)(F)F)(C(F)(F)F)C(F)(F)F)=O)=C1)=O,1.6606512,0.239291946
OC(C1=CC=CC(SC(F)(C(F)(C(F)(F)F)F)F)=C1)=O,0.8663838,0.088017062
OC(=O)c1cccc(c1)[S](=O)(=O)C(F)(F)F,0.80074465,0.046732556
FC(F)(F)C(c1cccc(c1)C(=O)O)(C(F)(F)F)C(F)(F)F,1.6035252,0.243042761
OC(C1=CC=CC(SC(F)(F)F)=C1)=O,0.40790936,0.02878723
Oc1c(Cl)c(Cl)c(Cl)c(Cl)c1Cl,1.8426561,0.096819128
O=S(C1=C(O)C(S(=O)(OCC(F)(F)F)=O)=CC(S(=O)(OCC(F)(F)F)=O)=C1)(OCC(F)(F)F)=O,3.8415895,0.091360639
OC(=O)c1ccccc1O,-0.16715033,17.71503335
Oc1ccccc1C#N,0.06996926,0.461774929
Oc1ccccc1N=Nc2cc(ccc2O)c3ccccc3,0.80656224,0.253183107
OC(=O)c1cc(I)cc(I)c1O,1.5216825,0.094236607
Oc1c(cc(c(O)c1[N+]([O-])=O)[N+]([O-])=O)[N+]([O-])=O,1.4154043,0.010206769
OC(=O)c1cc(cc(c1O)[N+]([O-])=O)[N+]([O-])=O,1.2539725,0.211338031
OC(=O)c1ccc(cc1[N+]([O-])=O)[N+]([O-])=O,0.5347628,-2.485452221
Oc1ccc(Cl)cc1,-0.69200224,-0.222469397
O=S(C1=C(O)C(S(=O)(OCC(F)(C(F)F)F)=O)=CC(S(=O)(OCC(F)(C(F)F)F)=O)=C1)(OCC(F)(C(F)F)F)=O,3.2677064,0.021158248
FC1=C(O)C(F)=C(F)C2=C(F)C(F)=C(F)C(F)=C21,1.6506307,0.85464125
O[S](=O)(=O)c1ccc(cc1[N+]([O-])=O)[N+]([O-])=O,1.1907294,0.097932288
O=S(C1=CC=CC2=CC=CC=C21)(O)=O,0.69189596,0.052197313
O[S](=O)(=O)c1ccc2C(=O)c3ccccc3C(=O)c2c1,1.2098806,0.043000509
N[S](=O)(=O)c1cccc(c1)[N+]([O-])=O,0.7093205,0.102125968
O=S(O)(C(C(C(C(C(C(C(C(F)(F)F)(F)F)(F)F)(F)F)(F)F)(F)F)(F)F)(F)F)=O,2.442554,0.007091871
OC(C(F)(F)F)(C(F)(F)F)C(F)(F)F,0.24669287,0.29516324
CCCCCCCCCCCCCC(O)=O,0.0953691,-2.58948501
FC1=C(S(NS(C2=C(F)C(F)=C(F)C(F)=C2F)(=O)=O)(=O)=O)C(F)=C(F)C(F)=C1F,2.5481405,0.21340025
O=S(NS(C1=CC=C([N+]([O-])=O)C=C1)(=O)=O)(C2=CC=C(C)C=C2)=O,1.8691943,0.074656302
C/C=C/C=C/C(O)=O,-1.2455697,-0.595594251
O=C1NC(=O)c2ccccc12,-0.5735662,-0.760014143
ON1C(=O)c2ccccc2C1=O,-0.5485644,-0.557609375
OC(=O)CCc1ccccn1,-0.07363141,-0.051877333
OC(=O)c1ccccc1[N+]([O-])=O,-0.5364606,-0.075067968
OC(=O)c1ccccc1C(O)=O,0.26839274,0.161272682
OC(=O)c1ccccc1O,0.6276788,0.743552254
Nc1ccccc1C(O)=O,-0.029241849,3.924184874
Nc1ccc(O)cc1,-1.4132965,-0.038573836
OC(=O)CCc1ccncc1,-0.0845126,-0.056407485
Nc1ccccc1O,-0.5664043,-0.086444705
OC(=O)c1ccc(cc1)C(O)=O,0.2665804,1.423458208
OC(=O)c1ccc(O)cc1,0.12822652,5.411325932
Nc1ccc(cc1)C(O)=O,-0.028195858,-0.85902071
Oc1ccccc1C#N,0.74895513,1.674839752
OC(=O)c1ccccc1,0.029346406,inf
N[C@@H](CC(N)=O)C(O)=O,-0.50533575,-0.031297445
O=C(O)C[C@H](N)C(=O)O,-0.49728894,-0.014875393
N[C@@H](CCC(N)=O)C(O)=O,-0.49504054,-0.146481835
N[C@@H](CCC(O)=O)C(O)=O,-0.50964755,-0.644024349
N[C@@H](Cc1c[nH]cn1)C(O)=O,-0.7024804,-0.018087501
CC[C@H](C)[C@H](N)C(O)=O,-0.1165518,-0.295020017
CC(C)C[C@H](N)C(O)=O,-0.114068046,-0.049432948
CSCC[C@H](N)C(O)=O,-0.10519259,-0.830334537
N[C@@H](Cc1ccccc1)C(O)=O,0.23925102,0.653259395
N[C@@H](CO)C(O)=O,-1.2734563,-1.59889048
C[C@@H](O)[C@H](N)C(O)=O,-0.5169907,-0.005787075
N[C@@H](Cc1c[nH]c2ccccc12)C(O)=O,-0.072553,-0.451060027
N[C@@H](Cc1ccc(O)cc1)C(O)=O,0.27720553,0.075981577
CC(C)[C@H](N)C(O)=O,-0.16989133,-0.061820798
Oc1ccccc1[N+]([O-])=O,0.75405896,-1.72505669
Oc1ccc(cc1)[N+]([O-])=O,0.75881606,0.517632127
Oc1ccccc1O,-2.5163763,-34.94823224
Oc1ccc(O)cc1,-3.1282651,-0.133429399
Nc1ccccc1O,-2.1129396,-0.805931279
Nc1ccc(O)cc1,-2.9833388,-0.080919867
COc1ccccc1O,-2.1714277,-0.16483549
COc1ccc(O)cc1,-2.7966938,-0.075651462
Oc1ccccc1C=O,0.22256714,-1.218203079
Oc1ccc(C=O)cc1,0.09224831,0.341083478
Oc1ccccc1c2ccccc2,-0.1502687,1.385304368
Oc1ccc(cc1)c2ccccc2,-0.1502687,1.200358272
Nc1ccccc1C(O)=O,-0.32523257,-0.166070345
Nc1ccc(cc1)C(O)=O,-0.32548648,-0.731002908
OC(=O)c1ccccc1O,0.16626061,0.847340167
OC(=O)c1ccc(O)cc1,0.014281625,0.897988393
OC(=O)c1ccccc1[N+]([O-])=O,-0.6531623,-0.05338797
OC(=O)c1ccc(cc1)[N+]([O-])=O,-0.64349926,33.17496276
OC(=O)c1ccccc1C(O)=O,-0.27759433,-2.084381421
OC(=O)c1ccc(cc1)C(O)=O,-0.29169858,-0.116064924
OC(=O)CCc1ccccn1,-1.0326877,-0.012438886
OC(=O)CCc1ccncc1,-1.0498574,-0.29612022
Oc1ccccc1[N+]([O-])=O,0.8356739,-1.708198244
Oc1ccc(cc1)[N+]([O-])=O,0.8362831,0.672566175
Oc1ccccc1O,-1.2207644,-4.548929084
Oc1ccc(O)cc1,-2.331568,-0.048339591
Nc1ccccc1O,-0.5664043,-0.155927108
Nc1ccc(O)cc1,-1.4132965,-0.177747051
COc1ccccc1O,-1.1100125,-0.01836012
COc1ccc(O)cc1,-1.7224047,-1.100493559
Oc1ccccc1C=O,0.029346406,-1.020379449
Oc1ccc(C=O)cc1,0.029346406,0.510893226
Oc1ccccc1c2ccccc2,0.30290288,-31.29028773
Oc1ccc(cc1)c2ccccc2,0.30290288,0.04449268
Nc1ccccc1C(O)=O,-0.029241908,1.417741548
Nc1ccc(cc1)C(O)=O,-0.028195858,-0.851600747
OC(=O)c1ccccc1O,0.62767875,0.902056824
OC(=O)c1ccc(O)cc1,0.12822652,0.602831483
OC(=O)c1ccccc1[N+]([O-])=O,-0.5364606,-0.219228587
OC(=O)c1ccc(cc1)[N+]([O-])=O,-0.53372455,2.906159094
OC(=O)c1ccccc1C(O)=O,0.26839262,0.04145492
OC(=O)c1ccc(cc1)C(O)=O,0.26658046,0.012664954
OC(=O)CCc1ccccn1,-0.07363141,-6.363141328
OC(=O)CCc1ccncc1,-0.0845126,inf
OC(=O)c1ccccc1,0.029346406,0.945654803
Oc1ccc(cc1)[N+]([O-])=O,0.8362831,0.155269608
Oc1cccc(c1)C(F)(F)F,2.2316854,3.649344583
OC(=O)c1ccccc1O,0.62767875,0.252763391
C/C=C/C=C/C(O)=O,-0.3050828,1.824548103
O[S](=O)(=O)c1cccc(c1)[N+]([O-])=O,0.83978444,0.125224538
OC(=O)c1cc(I)cc(I)c1O,1.862715,0.708912849
Oc1ccc(cc1)c2ccccc2,0.30290288,0.519201782
OC(=O)c1ccc(O)cc1,0.12822652,0.771024074
OC(=O)c1cc(cc(c1)[N+]([O-])=O)[N+]([O-])=O,1.2297935,0.366437276
O[S](=O)(=O)c1cccc2ccccc12,1.2675686,0.293437335
Oc1c(F)c(F)c(c(F)c1F)c2c(F)c(F)c(F)c(F)c2F,1.9805279,0.404629701
Oc1ccc(cc1[N+]([O-])=O)[N+]([O-])=O,1.2537272,0.31971284
Oc1cccc(c1)[N+]([O-])=O,0.83605486,0.091244716
O=C1NC(=O)c2ccccc12,0.05398839,0.874445605
Nc1ccc(cc1)C(O)=O,-0.028195858,1.056391716
Oc1c(cc(c(O)c1[N+]([O-])=O)[N+]([O-])=O)[N+]([O-])=O,1.9693215,1.431261098
OC(=O)c1ccccc1,0.029346406,0.95684352
Oc1ccc(cc1)[N+]([O-])=O,0.8362831,0.225663808
Oc1cccc(c1)C(F)(F)F,2.2316854,0.38614
OC(=O)c1ccccc1O,0.62767875,0.365981059
C/C=C/C=C/C(O)=O,-0.3050828,1.709494879
O[S](=O)(=O)c1cccc(c1)[N+]([O-])=O,0.83978444,0.207750525
OC(=O)c1cc(I)cc(I)c1O,1.862715,0.369643387
Oc1ccc(cc1)c2ccccc2,0.30290288,0.596129497
OC(=O)c1ccc(O)cc1,0.12822652,0.81143159
OC(=O)c1cc(cc(c1)[N+]([O-])=O)[N+]([O-])=O,1.2297935,0.060166852
O[S](=O)(=O)c1cccc2ccccc12,1.2675686,0.102233555
Oc1c(F)c(F)c(c(F)c1F)c2c(F)c(F)c(F)c(F)c2F,1.9805279,0.131730216
Oc1ccc(cc1[N+]([O-])=O)[N+]([O-])=O,1.2537272,0.019290405
Oc1cccc(c1)[N+]([O-])=O,0.83605486,0.146882794
O=C1NC(=O)c2ccccc12,0.05398839,0.892023221
Nc1ccc(cc1)C(O)=O,-0.028195858,1.044056028
Oc1c(cc(c(O)c1[N+]([O-])=O)[N+]([O-])=O)[N+]([O-])=O,1.9693215,0.588162491
OC(=O)c1ccccc1,0.029346406,0.961887784
Oc1ccc(cc1)[N+]([O-])=O,0.8362831,0.380531046
Oc1cccc(c1)C(F)(F)F,2.2316854,0.193414652
OC(=O)c1ccccc1O,0.62767875,0.45419239
C/C=C/C=C/C(O)=O,-0.3050828,1.709494879
O[S](=O)(=O)c1cccc(c1)[N+]([O-])=O,0.83978444,0.322754481
OC(=O)c1cc(I)cc(I)c1O,1.862715,0.178933548
Oc1ccc(cc1)c2ccccc2,0.30290288,0.630606247
OC(=O)c1ccc(O)cc1,0.12822652,0.829031308
OC(=O)c1cc(cc(c1)[N+]([O-])=O)[N+]([O-])=O,1.2297935,0.108845255
O[S](=O)(=O)c1cccc2ccccc12,1.2675686,0.022232732
Oc1c(F)c(F)c(c(F)c1F)c2c(F)c(F)c(F)c(F)c2F,1.9805279,0.0053441
Oc1ccc(cc1[N+]([O-])=O)[N+]([O-])=O,1.2537272,0.123267694
Oc1cccc(c1)[N+]([O-])=O,0.83605486,0.253522445
O=C1NC(=O)c2ccccc12,0.05398839,0.868321001
Nc1ccc(cc1)C(O)=O,-0.028195858,1.04778959
Oc1c(cc(c(O)c1[N+]([O-])=O)[N+]([O-])=O)[N+]([O-])=O,1.9693215,0.238566974
OC(=O)c1ccccc1,0.029346406,0.959241102
Oc1ccc(cc1)[N+]([O-])=O,0.8362831,0.43109994
Oc1cccc(c1)C(F)(F)F,2.2316854,0.078108889
OC(=O)c1ccccc1O,0.62767875,0.497856998
C/C=C/C=C/C(O)=O,-0.3050828,1.575627921
O[S](=O)(=O)c1cccc(c1)[N+]([O-])=O,0.83978444,0.358943173
OC(=O)c1cc(I)cc(I)c1O,1.862715,0.023469783
Oc1ccc(cc1)c2ccccc2,0.30290288,0.635056774
OC(=O)c1ccc(O)cc1,0.12822652,0.826720921
OC(=O)c1cc(cc(c1)[N+]([O-])=O)[N+]([O-])=O,1.2297935,0.211670802
O[S](=O)(=O)c1cccc2ccccc12,1.2675688,0.032390209
Oc1c(F)c(F)c(c(F)c1F)c2c(F)c(F)c(F)c(F)c2F,1.9805279,0.074519683
Oc1ccc(cc1[N+]([O-])=O)[N+]([O-])=O,1.2537272,0.23084221
Oc1cccc(c1)[N+]([O-])=O,0.83605486,0.371387322
O=C1NC(=O)c2ccccc12,0.05398839,0.807184323
Nc1ccc(cc1)C(O)=O,-0.028195858,1.049466418
Oc1c(cc(c(O)c1[N+]([O-])=O)[N+]([O-])=O)[N+]([O-])=O,1.9693215,0.094067494
OC(=O)c1ccccc1,0.029346406,0.960871458
Oc1ccc(cc1)[N+]([O-])=O,0.8362831,0.499231684
Oc1cccc(c1)C(F)(F)F,2.2316854,0.021190614
OC(=O)c1ccccc1O,0.62767875,0.517170191
C/C=C/C=C/C(O)=O,-0.3050828,1.517089488
O[S](=O)(=O)c1cccc(c1)[N+]([O-])=O,0.83978444,0.368583125
OC(=O)c1cc(I)cc(I)c1O,1.862715,0.082406401
Oc1ccc(cc1)c2ccccc2,0.30290288,0.690915431
OC(=O)c1ccc(O)cc1,0.12822652,0.833472054
OC(=O)c1cc(cc(c1)[N+]([O-])=O)[N+]([O-])=O,1.2297935,0.289136677
O[S](=O)(=O)c1cccc2ccccc12,1.2675686,0.074767454
Oc1c(F)c(F)c(c(F)c1F)c2c(F)c(F)c(F)c(F)c2F,1.9805279,0.15722218
Oc1ccc(cc1[N+]([O-])=O)[N+]([O-])=O,1.2537272,0.318626523
Oc1cccc(c1)[N+]([O-])=O,0.83605486,0.453558914
O=C1NC(=O)c2ccccc12,0.05398839,0.854085433
Nc1ccc(cc1)C(O)=O,-0.028195858,1.04778959
Oc1c(cc(c(O)c1[N+]([O-])=O)[N+]([O-])=O)[N+]([O-])=O,1.9693215,0.020373829
OC(=O)c1ccccc1,0.029346406,0.971508343
Oc1ccc(cc1)[N+]([O-])=O,0.8362831,0.571136878
Oc1cccc(c1)C(F)(F)F,2.2316854,0.208622199
OC(=O)c1ccccc1O,0.62767875,0.62414446
C/C=C/C=C/C(O)=O,-0.3050828,1.386180757
O[S](=O)(=O)c1cccc(c1)[N+]([O-])=O,0.83978444,0.528210987
OC(=O)c1cc(I)cc(I)c1O,1.862715,0.082406401
Oc1ccc(cc1)c2ccccc2,0.3029029,0.763357104
OC(=O)c1ccc(O)cc1,0.12822674,0.862121783
OC(=O)c1cc(cc(c1)[N+]([O-])=O)[N+]([O-])=O,1.2297935,0.372554312
O[S](=O)(=O)c1cccc2ccccc12,1.2675686,0.227092324
Oc1c(F)c(F)c(c(F)c1F)c2c(F)c(F)c(F)c(F)c2F,1.9805279,0.279808044
Oc1ccc(cc1[N+]([O-])=O)[N+]([O-])=O,1.2537272,0.459600346
Oc1cccc(c1)[N+]([O-])=O,0.83605486,0.555289967
O=C1NC(=O)c2ccccc12,0.05398839,0.807184323
Nc1ccc(cc1)C(O)=O,-0.028195858,1.041464497
Oc1c(cc(c(O)c1[N+]([O-])=O)[N+]([O-])=O)[N+]([O-])=O,1.9693215,0.088277088
OC(=O)c1ccccc1,0.029346406,0.951089323
Oc1ccc(cc1)[N+]([O-])=O,0.8362831,0.385085965
Oc1cccc(c1)C(F)(F)F,2.2316854,0.757232598
OC(=O)c1ccccc1O,0.62767875,0.50184226
C/C=C/C=C/C(O)=O,-0.3050828,-0.102697653
O[S](=O)(=O)c1cccc(c1)[N+]([O-])=O,0.83978444,0.256827926
OC(=O)c1cc(I)cc(I)c1O,1.862715,1.024690224
Oc1ccc(cc1)c2ccccc2,0.30290288,0.59422567
OC(=O)c1ccc(O)cc1,0.12822652,-1.641132593
OC(=O)c1cc(cc(c1)[N+]([O-])=O)[N+]([O-])=O,1.2297935,0.102340475
O[S](=O)(=O)c1cccc2ccccc12,1.2675686,0.032390391
Oc1c(F)c(F)c(c(F)c1F)c2c(F)c(F)c(F)c(F)c2F,1.9805279,0.356525944
Oc1ccc(cc1[N+]([O-])=O)[N+]([O-])=O,1.2537272,0.217210872
Oc1cccc(c1)[N+]([O-])=O,0.83605486,1.200144372
O=C1NC(=O)c2ccccc12,0.05398839,-1.899806495
Nc1ccc(cc1)C(O)=O,-0.028195858,-0.944714004
Oc1c(cc(c(O)c1[N+]([O-])=O)[N+]([O-])=O)[N+]([O-])=O,1.9693215,0.911962611
OC(=O)c1ccccc1,0.029346406,0.82737408
Oc1ccc(cc1)[N+]([O-])=O,0.8362831,0.100770873
Oc1cccc(c1)C(F)(F)F,2.2316854,0.016878678
OC(=O)c1ccccc1O,0.62767875,0.003684521
C/C=C/C=C/C(O)=O,-0.3050828,-0.605698937
O[S](=O)(=O)c1cccc(c1)[N+]([O-])=O,0.8397844,0.012018372
OC(=O)c1cc(I)cc(I)c1O,1.8627143,0.02346939
Oc1ccc(cc1)c2ccccc2,0.30290288,1.019352516
OC(=O)c1ccc(O)cc1,0.12822652,0.013642164
OC(=O)c1cc(cc(c1)[N+]([O-])=O)[N+]([O-])=O,1.2297935,0.046671668
O[S](=O)(=O)c1cccc2ccccc12,1.2675686,0.101015186
Oc1c(F)c(F)c(c(F)c1F)c2c(F)c(F)c(F)c(F)c2F,1.9805279,0.00475986
Oc1ccc(cc1[N+]([O-])=O)[N+]([O-])=O,1.2537272,0.129483962
Oc1cccc(c1)[N+]([O-])=O,0.83605486,0.194364088
O=C1NC(=O)c2ccccc12,0.05398839,-1.125554395
Nc1ccc(cc1)C(O)=O,-0.028195858,-0.871837009
Oc1c(cc(c(O)c1[N+]([O-])=O)[N+]([O-])=O)[N+]([O-])=O,1.9693215,0.005393187
OC(=O)c1ccccc1,0.029346406,0.467320323
Oc1ccc(cc1)[N+]([O-])=O,0.8362831,0.086081932
Oc1cccc(c1)C(F)(F)F,2.2316854,0.066240418
OC(=O)c1ccccc1O,0.62767875,0.003684521
C/C=C/C=C/C(O)=O,-0.3050828,-0.906767488
O[S](=O)(=O)c1cccc(c1)[N+]([O-])=O,0.83978444,0.011788486
OC(=O)c1cc(I)cc(I)c1O,1.862715,0.046469104
Oc1ccc(cc1)c2ccccc2,0.30290288,1.019352516
OC(=O)c1ccc(O)cc1,0.12822652,0.325123586
OC(=O)c1cc(cc(c1)[N+]([O-])=O)[N+]([O-])=O,1.2297935,0.174635202
O[S](=O)(=O)c1cccc2ccccc12,1.2675686,0.094593866
Oc1c(F)c(F)c(c(F)c1F)c2c(F)c(F)c(F)c(F)c2F,1.9805279,0.000266605
Oc1ccc(cc1[N+]([O-])=O)[N+]([O-])=O,1.2537272,0.171707661
Oc1cccc(c1)[N+]([O-])=O,0.83605486,0.161187308
O=C1NC(=O)c2ccccc12,0.05398839,-1.125554395
Nc1ccc(cc1)C(O)=O,-0.028195858,-0.882517258
Oc1c(cc(c(O)c1[N+]([O-])=O)[N+]([O-])=O)[N+]([O-])=O,1.9693215,0.044018694
Oc1ccc(cc1)[N+]([O-])=O,0.8362831,0.027577805
Oc1cccc(c1)C(F)(F)F,2.2316854,0.121383701
OC(=O)c1ccccc1O,0.62767875,0.307664067
C/C=C/C=C/C(O)=O,-0.3050829,-0.273612173
O[S](=O)(=O)c1cccc(c1)[N+]([O-])=O,0.8397844,0.036770844
OC(=O)c1cc(I)cc(I)c1O,1.862715,0.029835934
Oc1ccc(cc1)c2ccccc2,0.30290288,2.029028773
OC(=O)c1ccc(O)cc1,0.12822652,-3.137108644
OC(=O)c1cc(cc(c1)[N+]([O-])=O)[N+]([O-])=O,1.2297935,0.145976702
O[S](=O)(=O)c1cccc2ccccc12,1.2675686,0.154954274
Oc1c(F)c(F)c(c(F)c1F)c2c(F)c(F)c(F)c(F)c2F,1.9805279,0.019540655
Oc1ccc(cc1[N+]([O-])=O)[N+]([O-])=O,1.2537272,0.150208438
Oc1cccc(c1)[N+]([O-])=O,0.83605486,0.211673712
O=C1NC(=O)c2ccccc12,0.05398839,-1.099978499
Nc1ccc(cc1)C(O)=O,-0.028195858,-0.919440406
Oc1c(cc(c(O)c1[N+]([O-])=O)[N+]([O-])=O)[N+]([O-])=O,1.9693215,0.084036517
OC(=O)c1ccccc1,0.029346406,inf
Oc1ccc(cc1)[N+]([O-])=O,0.8362831,0.049678309
Oc1cccc(c1)C(F)(F)F,2.2316854,0.176499852
OC(=O)c1ccccc1O,0.62767875,0.034340382
C/C=C/C=C/C(O)=O,-0.3050828,-0.336776526
O[S](=O)(=O)c1cccc(c1)[N+]([O-])=O,0.83978444,0.049730554
OC(=O)c1cc(I)cc(I)c1O,1.862715,0.129572427
Oc1ccc(cc1)c2ccccc2,0.30290288,2.786285967
OC(=O)c1ccc(O)cc1,0.12822652,3.274217288
OC(=O)c1cc(cc(c1)[N+]([O-])=O)[N+]([O-])=O,1.2297935,0.250125885
O[S](=O)(=O)c1cccc2ccccc12,1.2675686,0.245494888
Oc1c(F)c(F)c(c(F)c1F)c2c(F)c(F)c(F)c(F)c2F,1.9805279,0.043223247
Oc1ccc(cc1[N+]([O-])=O)[N+]([O-])=O,1.2537272,0.01281323
Oc1cccc(c1)[N+]([O-])=O,0.83605486,0.161187308
O=C1NC(=O)c2ccccc12,0.05398839,-1.105859588
Nc1ccc(cc1)C(O)=O,-0.028195858,-0.921678172
Oc1c(cc(c(O)c1[N+]([O-])=O)[N+]([O-])=O)[N+]([O-])=O,1.9693215,0.132457494
OC(=O)c1ccccc1,0.029346406,-1.013777656
Oc1ccc(cc1)[N+]([O-])=O,0.8362831,0.115044117
Oc1cccc(c1)C(F)(F)F,2.2316854,0.148211679
OC(=O)c1ccccc1O,0.6276788,0.174106827
O[S](=O)(=O)c1cccc(c1)[N+]([O-])=O,0.83978444,-6.99846031
OC(=O)c1cc(I)cc(I)c1O,1.862715,0.153311361
Oc1ccc(cc1)c2ccccc2,0.30290288,-1.126737606
OC(=O)c1ccc(O)cc1,0.12822652,-1.077713042
OC(=O)c1cc(cc(c1)[N+]([O-])=O)[N+]([O-])=O,1.2297935,0.236153075
O[S](=O)(=O)c1cccc2ccccc12,1.2675686,0.160550604
Oc1c(F)c(F)c(c(F)c1F)c2c(F)c(F)c(F)c(F)c2F,1.9805279,0.204607278
Oc1ccc(cc1[N+]([O-])=O)[N+]([O-])=O,1.2537272,0.110831775
Oc1cccc(c1)[N+]([O-])=O,0.83605486,0.393424769
O=C1NC(=O)c2ccccc12,0.05398839,-1.01799613
Oc1c(cc(c(O)c1[N+]([O-])=O)[N+]([O-])=O)[N+]([O-])=O,1.9693215,0.092478576
OC(=O)c1ccccc1,0.17851853,-1.615581151
Oc1ccc(cc1)[N+]([O-])=O,0.75881606,0.256062683
Oc1cccc(c1)C(F)(F)F,2.269621,0.065549716
OC(=O)c1ccccc1O,0.16626061,0.755499096
C/C=C/C=C/C(O)=O,-0.21859562,-0.409201016
O[S](=O)(=O)c1cccc(c1)[N+]([O-])=O,0.99169225,0.101880272
OC(=O)c1cc(I)cc(I)c1O,1.6468859,0.016596217
Oc1ccc(cc1)c2ccccc2,-0.1502687,1.455359708
OC(=O)c1ccc(O)cc1,0.014281625,-1.142816249
OC(=O)c1cc(cc(c1)[N+]([O-])=O)[N+]([O-])=O,1.0950918,0.023450299
O[S](=O)(=O)c1cccc2ccccc12,0.9315217,0.209768459
Oc1c(F)c(F)c(c(F)c1F)c2c(F)c(F)c(F)c(F)c2F,2.0051322,0.063022337
Oc1ccc(cc1[N+]([O-])=O)[N+]([O-])=O,1.3091857,0.246843565
Oc1cccc(c1)[N+]([O-])=O,0.7570388,0.10936615
O=C1NC(=O)c2ccccc12,-1.0976014,-0.092891394
Nc1ccc(cc1)C(O)=O,-0.32548648,-0.418774141
Oc1c(cc(c(O)c1[N+]([O-])=O)[N+]([O-])=O)[N+]([O-])=O,1.5432031,0.133031958
OC(=O)c1ccccc1,0.17851853,0.574955872
Oc1ccc(cc1)[N+]([O-])=O,0.75881606,0.442047012
Oc1cccc(c1)C(F)(F)F,2.2696211,0.084830188
OC(=O)c1ccccc1O,0.16626059,0.838581956
C/C=C/C=C/C(O)=O,-0.21859562,3.428840266
O[S](=O)(=O)c1cccc(c1)[N+]([O-])=O,0.99169225,0.137658917
OC(=O)c1cc(I)cc(I)c1O,1.6468859,0.188726171
Oc1ccc(cc1)c2ccccc2,-0.1502687,1.556550754
OC(=O)c1ccc(O)cc1,0.014281625,0.947105093
OC(=O)c1cc(cc(c1)[N+]([O-])=O)[N+]([O-])=O,1.0950918,0.260073095
O[S](=O)(=O)c1cccc2ccccc12,0.9315217,0.223731905
Oc1c(F)c(F)c(c(F)c1F)c2c(F)c(F)c(F)c(F)c2F,2.0051322,0.207457629
Oc1ccc(cc1[N+]([O-])=O)[N+]([O-])=O,1.3091857,0.127209504
Oc1cccc(c1)[N+]([O-])=O,0.7570388,0.399175578
O=C1NC(=O)c2ccccc12,-1.0976014,-0.524446408
Nc1ccc(cc1)C(O)=O,-0.32548648,-3.068581015
Oc1c(cc(c(O)c1[N+]([O-])=O)[N+]([O-])=O)[N+]([O-])=O,1.5432031,0.192040254
OC(=O)c1ccccc1,0.17851853,0.785185337
Oc1ccc(cc1)[N+]([O-])=O,0.75881606,0.345848221
Oc1cccc(c1)C(F)(F)F,2.269621,0.042354053
OC(=O)c1ccccc1O,0.16626061,0.802070696
C/C=C/C=C/C(O)=O,-0.21859562,-0.190386578
O[S](=O)(=O)c1cccc(c1)[N+]([O-])=O,0.99169225,0.043886574
OC(=O)c1cc(I)cc(I)c1O,1.6468859,0.10495333
Oc1ccc(cc1)c2ccccc2,-0.1502687,-0.060820602
OC(=O)c1ccc(O)cc1,0.014281625,0.761972918
OC(=O)c1cc(cc(c1)[N+]([O-])=O)[N+]([O-])=O,1.0950918,0.109681447
O[S](=O)(=O)c1cccc2ccccc12,0.9315217,0.049467639
Oc1c(F)c(F)c(c(F)c1F)c2c(F)c(F)c(F)c(F)c2F,2.0051322,0.067380373
Oc1ccc(cc1[N+]([O-])=O)[N+]([O-])=O,1.3091857,0.118962174
Oc1cccc(c1)[N+]([O-])=O,0.7570388,0.177131769
O=C1NC(=O)c2ccccc12,-1.0976014,-0.108688297
Nc1ccc(cc1)C(O)=O,-0.32548648,-0.095870886
Oc1c(cc(c(O)c1[N+]([O-])=O)[N+]([O-])=O)[N+]([O-])=O,1.5432031,0.107975078
OC(=O)c1ccccc1,0.17851856,0.603292081
Oc1ccc(cc1)[N+]([O-])=O,0.75881636,0.480262766
Oc1cccc(c1)C(F)(F)F,2.269621,0.177673589
OC(=O)c1ccccc1O,0.16626061,0.856671884
C/C=C/C=C/C(O)=O,-0.21859562,2.987232945
O[S](=O)(=O)c1cccc(c1)[N+]([O-])=O,0.99169225,0.231246322
OC(=O)c1cc(I)cc(I)c1O,1.6468859,0.283962664
Oc1ccc(cc1)c2ccccc2,-0.1502687,2.669652263
OC(=O)c1ccc(O)cc1,0.014281625,0.970246615
OC(=O)c1cc(cc(c1)[N+]([O-])=O)[N+]([O-])=O,1.0950918,0.306903912
O[S](=O)(=O)c1cccc2ccccc12,0.9315217,0.39511577
Oc1c(F)c(F)c(c(F)c1F)c2c(F)c(F)c(F)c(F)c2F,2.0051322,0.197947121
Oc1ccc(cc1[N+]([O-])=O)[N+]([O-])=O,1.3091857,0.196818562
Oc1cccc(c1)[N+]([O-])=O,0.7570388,0.399175578
O=C1NC(=O)c2ccccc12,-1.0976014,-0.372001767
Nc1ccc(cc1)C(O)=O,-0.32548648,11.84954937
Oc1c(cc(c(O)c1[N+]([O-])=O)[N+]([O-])=O)[N+]([O-])=O,1.5432031,0.282231109
OC(=O)c1ccccc1,0.17851853,0.721064791
Oc1ccc(cc1)[N+]([O-])=O,0.75881606,0.476678577
Oc1cccc(c1)C(F)(F)F,2.269621,0.195169895
OC(=O)c1ccccc1O,0.16626061,0.86908613
C/C=C/C=C/C(O)=O,-0.21859562,11.9297812
O[S](=O)(=O)c1cccc(c1)[N+]([O-])=O,0.99169225,0.187137504
OC(=O)c1cc(I)cc(I)c1O,1.6468859,0.319468648
Oc1ccc(cc1)c2ccccc2,-0.1502687,-14.02687037
OC(=O)c1ccc(O)cc1,0.014281625,0.973552546
OC(=O)c1cc(cc(c1)[N+]([O-])=O)[N+]([O-])=O,1.0950918,0.315567613
O[S](=O)(=O)c1cccc2ccccc12,0.9315217,0.452046051
Oc1c(F)c(F)c(c(F)c1F)c2c(F)c(F)c(F)c(F)c2F,2.0051322,0.228795308
Oc1ccc(cc1[N+]([O-])=O)[N+]([O-])=O,1.3091857,0.16077837
Oc1cccc(c1)[N+]([O-])=O,0.7570388,0.352958314
O=C1NC(=O)c2ccccc12,-1.0976014,-0.120001443
Nc1ccc(cc1)C(O)=O,-0.32548645,7.509729028
Oc1c(cc(c(O)c1[N+]([O-])=O)[N+]([O-])=O)[N+]([O-])=O,1.5432029,0.292108772
OC(=O)c1ccccc1,0.17851853,-1.052505451
Oc1ccc(cc1)[N+]([O-])=O,0.75881606,1.231811951
Oc1cccc(c1)C(F)(F)F,2.269621,0.127068886
OC(=O)c1ccccc1O,0.16626061,0.278927808
C/C=C/C=C/C(O)=O,-0.21859562,-0.927617343
O[S](=O)(=O)c1cccc(c1)[N+]([O-])=O,0.99169225,11.39615306
OC(=O)c1cc(I)cc(I)c1O,1.6468859,0.133217962
Oc1ccc(cc1)c2ccccc2,-0.1502687,-0.941301288
OC(=O)c1ccc(O)cc1,0.014281625,-1.008400956
OC(=O)c1cc(cc(c1)[N+]([O-])=O)[N+]([O-])=O,1.0950918,0.117440632
O[S](=O)(=O)c1cccc2ccccc12,0.9315217,0.18287569
Oc1c(F)c(F)c(c(F)c1F)c2c(F)c(F)c(F)c(F)c2F,2.0051322,0.126478763
Oc1ccc(cc1[N+]([O-])=O)[N+]([O-])=O,1.3091857,0.118962174
Oc1cccc(c1)[N+]([O-])=O,0.7570388,-2.941125057
O=C1NC(=O)c2ccccc12,-1.0976014,-0.591969735
Nc1ccc(cc1)C(O)=O,-0.32548648,-0.859096761
Oc1c(cc(c(O)c1[N+]([O-])=O)[N+]([O-])=O)[N+]([O-])=O,1.5432031,0.292108663
OC(=O)c1ccccc1,0.17851853,-1.615581151
Oc1ccc(cc1)[N+]([O-])=O,0.75881606,1.616607115
Oc1cccc(c1)C(F)(F)F,2.269621,2.660678864
OC(=O)c1ccccc1O,0.16626061,0.307247438
C/C=C/C=C/C(O)=O,-0.21859562,-0.673737875
O[S](=O)(=O)c1cccc(c1)[N+]([O-])=O,0.99169225,2.005128015
OC(=O)c1cc(I)cc(I)c1O,1.6468859,1.533670572
Oc1ccc(cc1)c2ccccc2,-0.1502687,-0.82321329
OC(=O)c1ccc(O)cc1,0.014281625,-1.051005803
OC(=O)c1cc(cc(c1)[N+]([O-])=O)[N+]([O-])=O,1.0950918,1.066210981
O[S](=O)(=O)c1cccc2ccccc12,0.9315217,0.826513164
Oc1c(F)c(F)c(c(F)c1F)c2c(F)c(F)c(F)c(F)c2F,2.0051322,0.519039544
Oc1ccc(cc1[N+]([O-])=O)[N+]([O-])=O,1.3091857,0.983614763
Oc1cccc(c1)[N+]([O-])=O,0.7570386,2.028154373
O=C1NC(=O)c2ccccc12,-1.0976014,-0.107641127
Nc1ccc(cc1)C(O)=O,-0.32548648,-0.541568336
Oc1c(cc(c(O)c1[N+]([O-])=O)[N+]([O-])=O)[N+]([O-])=O,1.5432031,0.659358189
OC(=O)c1ccccc1,0.17851853,-6.95061779
Oc1ccc(cc1)[N+]([O-])=O,0.75881606,1.810429864
Oc1cccc(c1)C(F)(F)F,2.269621,0.503060196
OC(=O)c1ccccc1O,0.16626061,0.613347407
C/C=C/C=C/C(O)=O,-0.21859562,-0.4394984
O[S](=O)(=O)c1cccc(c1)[N+]([O-])=O,0.99169225,0.358482527
OC(=O)c1cc(I)cc(I)c1O,1.6468859,0.497168974
Oc1ccc(cc1)c2ccccc2,-0.1502687,-0.558033224
OC(=O)c1ccc(O)cc1,0.014281625,-1.238027082
OC(=O)c1cc(cc(c1)[N+]([O-])=O)[N+]([O-])=O,1.0950918,0.244422522
O[S](=O)(=O)c1cccc2ccccc12,0.9315217,0.012523602
Oc1c(F)c(F)c(c(F)c1F)c2c(F)c(F)c(F)c(F)c2F,2.0051322,0.222641584
Oc1ccc(cc1[N+]([O-])=O)[N+]([O-])=O,1.3091857,0.470995217
Oc1cccc(c1)[N+]([O-])=O,0.7570388,0.221030278
O=C1NC(=O)c2ccccc12,-1.0976014,-0.077645871
Nc1ccc(cc1)C(O)=O,-0.32548648,-0.165419279
Oc1c(cc(c(O)c1[N+]([O-])=O)[N+]([O-])=O)[N+]([O-])=O,1.5432031,0.234562492
OC(=O)c1ccccc1,0.17851853,0.18855212
Oc1ccc(cc1)[N+]([O-])=O,0.75881606,0.053911199
Oc1cccc(c1)C(F)(F)F,2.269621,0.304379825
OC(=O)c1ccccc1O,0.16626061,0.762484836
C/C=C/C=C/C(O)=O,-0.21859562,-0.125617504
O[S](=O)(=O)c1cccc(c1)[N+]([O-])=O,0.99169225,0.066335747
OC(=O)c1cc(I)cc(I)c1O,1.6468859,0.257164788
Oc1ccc(cc1)c2ccccc2,-0.1502687,-0.073347884
OC(=O)c1ccc(O)cc1,0.014281625,0.920657639
OC(=O)c1cc(cc(c1)[N+]([O-])=O)[N+]([O-])=O,1.0950918,0.140720646
O[S](=O)(=O)c1cccc2ccccc12,0.9315217,0.112836463
Oc1c(F)c(F)c(c(F)c1F)c2c(F)c(F)c(F)c(F)c2F,2.0051322,0.095700655
Oc1ccc(cc1[N+]([O-])=O)[N+]([O-])=O,1.3091855,0.11896197
Oc1cccc(c1)[N+]([O-])=O,0.7570388,0.009385029
O=C1NC(=O)c2ccccc12,-1.0976014,-0.097601414
Nc1ccc(cc1)C(O)=O,-0.32548648,-0.808258229
Oc1c(cc(c(O)c1[N+]([O-])=O)[N+]([O-])=O)[N+]([O-])=O,1.5432031,0.094470295
OC(=O)c1ccccc1,0.17851853,0.256172776
Oc1ccc(cc1)[N+]([O-])=O,0.75881606,0.096647544
Oc1cccc(c1)C(F)(F)F,2.269621,0.194537313
OC(=O)c1ccccc1O,0.16626061,0.794739981
C/C=C/C=C/C(O)=O,-0.21859562,-0.561397314
O[S](=O)(=O)c1cccc(c1)[N+]([O-])=O,0.99169225,0.139876144
OC(=O)c1cc(I)cc(I)c1O,1.6468859,0.219915461
Oc1ccc(cc1)c2ccccc2,-0.1502687,-0.502687037
OC(=O)c1ccc(O)cc1,0.014281625,0.880986459
OC(=O)c1cc(cc(c1)[N+]([O-])=O)[N+]([O-])=O,1.0950918,0.022239447
O[S](=O)(=O)c1cccc2ccccc12,0.9315217,0.160791249
Oc1c(F)c(F)c(c(F)c1F)c2c(F)c(F)c(F)c(F)c2F,2.0051322,0.033573298
Oc1ccc(cc1[N+]([O-])=O)[N+]([O-])=O,1.3091857,0.090988119
Oc1cccc(c1)[N+]([O-])=O,0.7570388,0.098763367
O=C1NC(=O)c2ccccc12,-1.0976014,-0.26161082
Nc1ccc(cc1)C(O)=O,-0.32548648,-0.808258229
Oc1c(cc(c(O)c1[N+]([O-])=O)[N+]([O-])=O)[N+]([O-])=O,1.5432031,0.035706789
OC(=O)c1ccccc1,0.17851853,0.459034746
Oc1ccc(cc1)[N+]([O-])=O,0.75881606,0.340159945
Oc1cccc(c1)C(F)(F)F,2.269621,0.055637626
OC(=O)c1ccccc1O,0.16626061,0.833739385
C/C=C/C=C/C(O)=O,-0.21859562,-0.049584244
O[S](=O)(=O)c1cccc(c1)[N+]([O-])=O,0.99169225,0.066335747
OC(=O)c1cc(I)cc(I)c1O,1.6468859,0.00188735
Oc1ccc(cc1)c2ccccc2,-0.1502687,-0.252239197
OC(=O)c1ccc(O)cc1,0.014281625,0.963380449
OC(=O)c1cc(cc(c1)[N+]([O-])=O)[N+]([O-])=O,1.0950918,0.116861436
O[S](=O)(=O)c1cccc2ccccc12,0.93152165,0.277890191
Oc1c(F)c(F)c(c(F)c1F)c2c(F)c(F)c(F)c(F)c2F,2.0051322,0.063022337
Oc1ccc(cc1[N+]([O-])=O)[N+]([O-])=O,1.3091857,0.12135185
Oc1cccc(c1)[N+]([O-])=O,0.7570388,0.305469016
O=C1NC(=O)c2ccccc12,-1.0976014,-0.68861756
Nc1ccc(cc1)C(O)=O,-0.32548648,-0.251871081
Oc1c(cc(c(O)c1[N+]([O-])=O)[N+]([O-])=O)[N+]([O-])=O,1.5432031,0.187787834
OC(=O)c1ccccc1,0.17851853,0.574955872
Oc1ccc(cc1)[N+]([O-])=O,0.75881606,0.494122624
Oc1cccc(c1)C(F)(F)F,2.269621,0.15627476
OC(=O)c1ccccc1O,0.16626061,0.877749548
C/C=C/C=C/C(O)=O,-0.21859562,-0.479534229
O[S](=O)(=O)c1cccc(c1)[N+]([O-])=O,0.99169225,0.055531195
OC(=O)c1cc(I)cc(I)c1O,1.6468859,0.133217962
Oc1ccc(cc1)c2ccccc2,-0.1502687,-0.284434744
OC(=O)c1ccc(O)cc1,0.014281625,0.97143675
OC(=O)c1cc(cc(c1)[N+]([O-])=O)[N+]([O-])=O,1.0950918,0.279544855
O[S](=O)(=O)c1cccc2ccccc12,0.9315217,0.357571232
Oc1c(F)c(F)c(c(F)c1F)c2c(F)c(F)c(F)c(F)c2F,2.0051322,0.178224509
Oc1ccc(cc1[N+]([O-])=O)[N+]([O-])=O,1.3091857,0.251893861
Oc1cccc(c1)[N+]([O-])=O,0.7570388,0.399175578
Nc1ccc(cc1)C(O)=O,-0.32548648,-0.276696708
Oc1c(cc(c(O)c1[N+]([O-])=O)[N+]([O-])=O)[N+]([O-])=O,1.5432031,0.311070038
OC(=O)c1ccccc1,0.17851853,-1.615581151
Oc1ccc(cc1)[N+]([O-])=O,0.75881606,1.616607115
Oc1cccc(c1)C(F)(F)F,2.269621,2.660678864
OC(=O)c1ccccc1O,0.16626061,0.307247438
C/C=C/C=C/C(O)=O,-0.21859562,-0.673737875
O[S](=O)(=O)c1cccc(c1)[N+]([O-])=O,0.99169225,2.005128015
OC(=O)c1cc(I)cc(I)c1O,1.6468859,1.533670572
Oc1ccc(cc1)c2ccccc2,-0.1502687,-0.82321329
OC(=O)c1ccc(O)cc1,0.014281528,-1.051005457
OC(=O)c1cc(cc(c1)[N+]([O-])=O)[N+]([O-])=O,1.0950918,1.066210981
O[S](=O)(=O)c1cccc2ccccc12,0.9315217,0.826513164
Oc1c(F)c(F)c(c(F)c1F)c2c(F)c(F)c(F)c(F)c2F,2.0051322,0.519039544
Oc1ccc(cc1[N+]([O-])=O)[N+]([O-])=O,1.3091857,0.983614763
Oc1cccc(c1)[N+]([O-])=O,0.7570388,2.028155088
O=C1NC(=O)c2ccccc12,-1.0976014,-0.107641127
Nc1ccc(cc1)C(O)=O,-0.32548648,-0.541568336
Oc1c(cc(c(O)c1[N+]([O-])=O)[N+]([O-])=O)[N+]([O-])=O,1.5432031,0.659358189
OC(=O)c1ccccc1,0.17851853,16.85185337
Oc1ccc(cc1)[N+]([O-])=O,0.75881606,0.217715399
Oc1cccc(c1)C(F)(F)F,2.269621,0.787103067
OC(=O)c1ccccc1O,0.16626061,0.789543525
C/C=C/C=C/C(O)=O,-0.21859562,-0.357071694
O[S](=O)(=O)c1cccc(c1)[N+]([O-])=O,0.99169225,0.180586006
OC(=O)c1cc(I)cc(I)c1O,1.6468859,0.432074671
Oc1ccc(cc1)c2ccccc2,-0.1502687,-6.513435185
OC(=O)c1ccc(O)cc1,0.014281625,0.890141347
OC(=O)c1cc(cc(c1)[N+]([O-])=O)[N+]([O-])=O,1.0950918,0.164991298
O[S](=O)(=O)c1cccc2ccccc12,0.9315217,0.276057142
Oc1c(F)c(F)c(c(F)c1F)c2c(F)c(F)c(F)c(F)c2F,2.0051322,0.172591929
Oc1ccc(cc1[N+]([O-])=O)[N+]([O-])=O,1.3091857,0.118962174
Oc1cccc(c1)[N+]([O-])=O,0.7570388,0.203117082
O=C1NC(=O)c2ccccc12,-1.0976014,-0.045563988
Nc1ccc(cc1)C(O)=O,-0.32548648,-0.049956391
Oc1c(cc(c(O)c1[N+]([O-])=O)[N+]([O-])=O)[N+]([O-])=O,1.5432031,0.042704808
OC(=O)c1ccccc1,0.17851853,0.06042877
Oc1ccc(cc1)[N+]([O-])=O,0.75881606,0.425139346
Oc1cccc(c1)C(F)(F)F,2.269621,0.296926226
OC(=O)c1ccccc1O,0.16626061,0.848853986
C/C=C/C=C/C(O)=O,-0.21859562,-0.125617504
O[S](=O)(=O)c1cccc(c1)[N+]([O-])=O,0.99169225,0.145092892
OC(=O)c1cc(I)cc(I)c1O,1.6468861,0.159778951
Oc1ccc(cc1)c2ccccc2,-0.1502687,1.883933551
OC(=O)c1ccc(O)cc1,0.014281625,0.948994197
OC(=O)c1cc(cc(c1)[N+]([O-])=O)[N+]([O-])=O,1.0950918,0.071956085
O[S](=O)(=O)c1cccc2ccccc12,0.9315217,0.012523602
Oc1c(F)c(F)c(c(F)c1F)c2c(F)c(F)c(F)c(F)c2F,2.0051322,0.012693029
Oc1ccc(cc1[N+]([O-])=O)[N+]([O-])=O,1.3091857,0.16612373
Oc1cccc(c1)[N+]([O-])=O,0.7570388,0.384521323
O=C1NC(=O)c2ccccc12,-1.0976014,-0.26161082
Nc1ccc(cc1)C(O)=O,-0.32548648,-0.162451719
Oc1c(cc(c(O)c1[N+]([O-])=O)[N+]([O-])=O)[N+]([O-])=O,1.5432031,0.023289167
OC(=O)c1ccccc1,0.17851853,0.474945489
Oc1ccc(cc1)[N+]([O-])=O,0.75881606,0.48026297
Oc1cccc(c1)C(F)(F)F,2.269621,0.213701014
OC(=O)c1ccccc1O,0.16626061,0.862594533
C/C=C/C=C/C(O)=O,-0.21859562,-20.8595624
O[S](=O)(=O)c1cccc(c1)[N+]([O-])=O,0.99169225,0.25993116
OC(=O)c1cc(I)cc(I)c1O,1.6468859,0.02930367
Oc1ccc(cc1)c2ccccc2,-0.1502687,1.441966776
OC(=O)c1ccc(O)cc1,0.014281625,0.948994197
OC(=O)c1cc(cc(c1)[N+]([O-])=O)[N+]([O-])=O,1.0950918,0.200662905
O[S](=O)(=O)c1cccc2ccccc12,0.9315217,0.095609987
Oc1c(F)c(F)c(c(F)c1F)c2c(F)c(F)c(F)c(F)c2F,2.0051322,0.054182925
Oc1ccc(cc1[N+]([O-])=O)[N+]([O-])=O,1.3091857,0.229890739
Oc1cccc(c1)[N+]([O-])=O,0.7570388,0.45925802
O=C1NC(=O)c2ccccc12,-1.0976014,-0.50356358
Nc1ccc(cc1)C(O)=O,-0.32548648,-1.958968011
Oc1c(cc(c(O)c1[N+]([O-])=O)[N+]([O-])=O)[N+]([O-])=O,1.5432031,0.015265208
OC(=O)c1ccccc1,0.17851853,0.675420848
Oc1ccc(cc1)[N+]([O-])=O,0.75881606,0.550996412
Oc1cccc(c1)C(F)(F)F,2.269621,0.013223614
OC(=O)c1ccccc1O,0.16626061,0.874992019
C/C=C/C=C/C(O)=O,-0.21859553,2.040931117
O[S](=O)(=O)c1cccc(c1)[N+]([O-])=O,0.9916925,0.265412975
OC(=O)c1cc(I)cc(I)c1O,1.6468859,0.069556005
Oc1ccc(cc1)c2ccccc2,-0.1502687,1.224281647
OC(=O)c1ccc(O)cc1,0.014281625,0.965166768
OC(=O)c1cc(cc(c1)[N+]([O-])=O)[N+]([O-])=O,1.0950918,0.228808578
O[S](=O)(=O)c1cccc2ccccc12,0.9315217,0.203827595
Oc1c(F)c(F)c(c(F)c1F)c2c(F)c(F)c(F)c(F)c2F,2.0051322,0.131977403
Oc1ccc(cc1[N+]([O-])=O)[N+]([O-])=O,1.3091857,0.264502391
Oc1cccc(c1)[N+]([O-])=O,0.7570388,0.520861537
O=C1NC(=O)c2ccccc12,-1.0976014,-1.439114253
Nc1ccc(cc1)C(O)=O,-0.32548648,7.509729624
Oc1c(cc(c(O)c1[N+]([O-])=O)[N+]([O-])=O)[N+]([O-])=O,1.5432031,0.042704808
OC(=O)c1ccccc1,0.17851853,0.725356102
Oc1ccc(cc1)[N+]([O-])=O,0.75881606,0.598510019
Oc1cccc(c1)C(F)(F)F,2.269621,0.137026276
OC(=O)c1ccccc1O,0.16626061,0.894771763
C/C=C/C=C/C(O)=O,-0.21859562,1.607210067
O[S](=O)(=O)c1cccc(c1)[N+]([O-])=O,0.99169225,0.343250169
OC(=O)c1cc(I)cc(I)c1O,1.6468859,0.230427163
Oc1ccc(cc1)c2ccccc2,-0.1502687,1.153335412
OC(=O)c1ccc(O)cc1,0.014281625,0.971996814
OC(=O)c1cc(cc(c1)[N+]([O-])=O)[N+]([O-])=O,1.0950918,0.348159631
O[S](=O)(=O)c1cccc2ccccc12,0.9315217,0.431998955
Oc1c(F)c(F)c(c(F)c1F)c2c(F)c(F)c(F)c(F)c2F,2.0051322,0.265519341
Oc1ccc(cc1[N+]([O-])=O)[N+]([O-])=O,1.3091857,0.382459555
Oc1cccc(c1)[N+]([O-])=O,0.7570388,0.552048064
O=C1NC(=O)c2ccccc12,-1.0976014,3.888424773
Nc1ccc(cc1)C(O)=O,-0.32548648,1.879693192
Oc1c(cc(c(O)c1[N+]([O-])=O)[N+]([O-])=O)[N+]([O-])=O,1.5432031,0.30779925
OC(=O)c1ccccc1O,0.62767875,0.028981561
OC(=O)c1ccccc1,0.029346406,inf
CCCC1CC(N(C)C1)C(=O)NC(C(C)O)C2OC(SC)C(O)C(O)C2O,0.35481697,0.014397297
CC(=O)CC(c1ccccc1)C2=C(O)Oc3ccccc3C2=O,1.8103509,0.057108909
COc1ccc2cc(ccc2c1)C(C)C(O)=O,0.20121121,0.085403572
OC(=O)/C=C/C(O)=O,-0.82784635,-0.233475603
CCCCCCCCCCCC(O)=O,0.36988407,0.13980448
C[C@H](CCC(=O)NCC[S](O)(=O)=O)[C@H]1CC[C@H]2[C@@H]3[C@H](O)C[C@@H]4C[C@H](O)CC[C@]4(C)[C@H]3C[C@H](O)[C@]12C,1.666657,0.042151166
C/C=C/C=C/C(O)=O,-0.3050828,-0.530641849
OC(=O)c1cccc(c1)[S](=O)(=O)C(F)(F)F,1.7378919,0.166370411